Source,Target
alvaro-uribe-velez,adriana-gutierrez-jaramillo
alvaro-uribe-velez,alejandro-ordonez
alvaro-uribe-velez,alfredo-rangel-suarez
alvaro-uribe-velez,alvaro-cruz-vargas
alvaro-uribe-velez,alvaro-hernan-prada
alvaro-uribe-velez,alvaro-vasquez
alvaro-uribe-velez,andres-gonzalez-diaz
alvaro-uribe-velez,angela-sofia-garzon-caicedo
alvaro-uribe-velez,arturo-calderon-rivadeneira
alvaro-uribe-velez,carlos-ardila-l&uuml;lle
alvaro-uribe-velez,carlos-eduardo-enriquez-maya-qepd
alvaro-uribe-velez,carlos-felipe-cordoba-larrarte
alvaro-uribe-velez,carlos-gomez-espitia
alvaro-uribe-velez,carlos-jose-bitar
alvaro-uribe-velez,claudia-blum
alvaro-uribe-velez,edgar-gomez-roman
alvaro-uribe-velez,enrique-penalosa-londono
alvaro-uribe-velez,fernando-londono-hoyos
alvaro-uribe-velez,francisco-santos-calderon
alvaro-uribe-velez,gabriel-santos-garcia
alvaro-uribe-velez,gabriel-vallejo-lopez
alvaro-uribe-velez,ivan-aguilar-zambrano
alvaro-uribe-velez,ivan-duque-marquez
alvaro-uribe-velez,jose-felix-lafaurie-rivera
alvaro-uribe-velez,juan-carlos-velez-uribe
alvaro-uribe-velez,juan-jose-rendon
alvaro-uribe-velez,leonardo-barrero-gordillo
alvaro-uribe-velez,maria-claudia-lacouture-pinedo
alvaro-uribe-velez,maria-del-rosario-guerra-de-la-espriella
alvaro-uribe-velez,maria-fernanda-cabal
alvaro-uribe-velez,mario-montoya-uribe
alvaro-uribe-velez,nancy-patricia-gutierrez
alvaro-uribe-velez,nilson-elias-pinilla-pinilla
alvaro-uribe-velez,oscar-dario-perez
alvaro-uribe-velez,paloma-valencia-laserna
alvaro-uribe-velez,piedad-zuccardi
alvaro-uribe-velez,rafael-guarin-cotrino
alvaro-uribe-velez,roberto-ortiz-uruena
alvaro-uribe-velez,rodrigo-rivera-salazar
alvaro-uribe-velez,sergio-araujo-castro
alvaro-uribe-velez,viviane-aleyda-morales-hoyos
alfredo-ramos-maya,ivan-duque-marquez
alfredo-ramos-maya,oscar-dario-perez
alfredo-ramos-maya,paloma-valencia-laserna
alicia-arango-olmos,alfredo-rangel-suarez
alicia-arango-olmos,ivan-duque-marquez
andres-felipe-arias,beatriz-uribe-botero
andres-felipe-arias,jose-felix-lafaurie-rivera
angelino-garzon,argemiro-cortes
angelino-garzon,dilian-francisca-toro
angelino-garzon,julio-roberto-gomez-esguerra-qepd
angelino-garzon,pedro-antonio-aguilar-rodriguez
beatriz-uribe-botero,andres-felipe-arias
carlos-medellin-becerra,ernesto-samper-pizano
carlos-rodado-noriega,efrain-cepeda-sarabia
carlos-rodado-noriega,fuad-char-abdala
cesar-pardo-villalba,santiago-perry-rubio
diego-molano-aponte,angela-sofia-garzon-caicedo
eduardo-montealegre,carlos-felipe-cordoba-larrarte
eduardo-montealegre,edgardo-maya-villazon
eduardo-montealegre,juan-manuel-santos-calderon
fabio-aristizabal-angel,juan-carlos-velez-uribe
fabio-valencia-cossio,alejandro-ordonez
fabio-valencia-cossio,alvaro-uribe-velez
fabio-valencia-cossio,german-blanco
felipe-munoz-gomez,david-luna-sanchez
felipe-munoz-gomez,enrique-penalosa-londono
felipe-munoz-gomez,simon-gaviria-munoz
francisco-jose-lloreda-mera,roy-leonardo-barreras-montealegre
german-cardona-gutierrez,adriana-gutierrez-jaramillo
german-cardona-gutierrez,luis-roberto-rivas
german-cardona-gutierrez,nestor-eugenio-ramirez
gina-parody-d-echeona,antanas-mockus
gina-parody-d-echeona,armando-benedetti
gina-parody-d-echeona,claudia-blum
gina-parody-d-echeona,hugo-arley-tobar-otero
gina-parody-d-echeona,marta-lucia-ramirez
gina-parody-d-echeona,rafael-pardo-rueda
guido-echeverri-piedrahita,german-vargas-lleras
guido-echeverri-piedrahita,hernan-penagos-giraldo
guido-echeverri-piedrahita,luis-guillermo-giraldo-hurtado
guido-echeverri-piedrahita,luis-roberto-rivas
guido-echeverri-piedrahita,omar-yepes-alzate
henry-eder-caicedo,maurice-armitage-cadavid
isabel-segovia-ospina,enrique-penalosa-londono
jaime-restrepo-cuartas,alvaro-uribe-velez
jorge-armando-otalora,simon-gaviria-munoz
jose-obdulio-gaviria-velez,alfredo-rangel-suarez
jose-obdulio-gaviria-velez,ivan-duque-marquez
jose-obdulio-gaviria-velez,maria-del-pilar-hurtado
jose-obdulio-gaviria-velez,maria-del-rosario-guerra-de-la-espriella
jose-obdulio-gaviria-velez,maria-fernanda-cabal
jose-obdulio-gaviria-velez,paloma-valencia-laserna
juan-lozano-ramirez,nancy-patricia-gutierrez
juan-manuel-santos-calderon,alfonso-prada
juan-manuel-santos-calderon,armando-antonio-zabarain-d-arce
juan-manuel-santos-calderon,buenaventura-leon-leon
juan-manuel-santos-calderon,carlos-mattos
juan-manuel-santos-calderon,cesar-gaviria-trujillo
juan-manuel-santos-calderon,christian-daes-abuchaibe
juan-manuel-santos-calderon,daniel-quintero-calle
juan-manuel-santos-calderon,diego-fernando-mora-arango
juan-manuel-santos-calderon,dilian-francisca-toro
juan-manuel-santos-calderon,edgardo-maya-villazon
juan-manuel-santos-calderon,eduardo-montealegre
juan-manuel-santos-calderon,eduardo-verano-de-la-rosa
juan-manuel-santos-calderon,edwin-jose-besaile-fayad
juan-manuel-santos-calderon,efrain-cepeda-sarabia
juan-manuel-santos-calderon,francisco-franco-ovalle-angarita
juan-manuel-santos-calderon,hernan-andrade-serrano
juan-manuel-santos-calderon,hernan-penagos-giraldo
juan-manuel-santos-calderon,juan-jose-garcia-romero
juan-manuel-santos-calderon,juan-pablo-diaz-granados
juan-manuel-santos-calderon,mario-alberto-huertas-cotes
juan-manuel-santos-calderon,mauricio-lizcano
juan-manuel-santos-calderon,mayerlis-angarita-robles
juan-manuel-santos-calderon,milene-jarava-diaz
juan-manuel-santos-calderon,pedro-antonio-aguilar-rodriguez
juan-manuel-santos-calderon,roberto-victor-gerlein-echeverria
juan-manuel-santos-calderon,william-villamizar
liliana-rendon-roldan,german-vargas-lleras
liliana-rendon-roldan,juan-carlos-velez-uribe
luis-alfonso-hoyos-aristizabal,alfredo-rangel-suarez
luis-alfonso-hoyos-aristizabal,hernan-penagos-giraldo
luis-camilo-osorio-isaza,andres-pastrana-arango
luis-guillermo-giraldo-hurtado,guido-echeverri-piedrahita
luis-guillermo-giraldo-hurtado,nestor-humberto-martinez
manuel-santiago-mejia-correa,marta-lucia-ramirez
manuel-santiago-mejia-correa,noemi-sanin-posada
manuel-santiago-mejia-correa,oscar-ivan-zuluaga-escobar
maria-del-pilar-hurtado,jose-obdulio-gaviria-velez
maria-del-rosario-guerra-de-la-espriella,alfredo-rangel-suarez
maria-del-rosario-guerra-de-la-espriella,fernando-londono-hoyos
maria-del-rosario-guerra-de-la-espriella,jose-obdulio-gaviria-velez
maria-del-rosario-guerra-de-la-espriella,maria-fernanda-cabal
maria-del-rosario-guerra-de-la-espriella,paloma-valencia-laserna
marta-lucia-ramirez,antanas-mockus
marta-lucia-ramirez,antonio-quinto-guerra-varela
marta-lucia-ramirez,camilo-gomez-alzate
marta-lucia-ramirez,enrique-penalosa-londono
marta-lucia-ramirez,gina-parody-d-echeona
marta-lucia-ramirez,hans-peter-knudsen-quevedo
marta-lucia-ramirez,ivan-duque-marquez
marta-lucia-ramirez,luis-eduardo-garzon
marta-lucia-ramirez,manuel-santiago-mejia-correa
marta-lucia-ramirez,omar-yepes-alzate
marta-lucia-ramirez,oscar-ivan-zuluaga-escobar
marta-lucia-ramirez,sergio-fajardo
oscar-dario-perez,alfredo-ramos-maya
oscar-dario-perez,alvaro-araujo-castro
oscar-dario-perez,alvaro-uribe-velez
oscar-dario-perez,andres-guerra-hoyos
oscar-dario-perez,ivan-duque-marquez
oscar-dario-perez,luis-alfredo-ramos-botero
oscar-dario-perez,paloma-valencia-laserna
oscar-ivan-zuluaga-escobar,adriana-gutierrez-jaramillo
oscar-ivan-zuluaga-escobar,alfredo-rangel-suarez
oscar-ivan-zuluaga-escobar,carlos-holmes-trujillo-qepd
oscar-ivan-zuluaga-escobar,fernando-londono-hoyos
oscar-ivan-zuluaga-escobar,francisco-santos-calderon
oscar-ivan-zuluaga-escobar,gabriel-vallejo-lopez
oscar-ivan-zuluaga-escobar,hernan-penagos-giraldo
oscar-ivan-zuluaga-escobar,ivan-duque-marquez
oscar-ivan-zuluaga-escobar,manuel-santiago-mejia-correa
oscar-ivan-zuluaga-escobar,marta-lucia-ramirez
oscar-ivan-zuluaga-escobar,mauricio-toro-bridge
oscar-ivan-zuluaga-escobar,paola-holguin-moreno
paola-holguin-moreno,federico-gutierrez
paola-holguin-moreno,gabriel-santos-garcia
paola-holguin-moreno,ivan-duque-marquez
paola-holguin-moreno,oscar-ivan-zuluaga-escobar
paola-holguin-moreno,sergio-fajardo
rodrigo-lara-restrepo,jose-daniel-lopez-jimenez
adriana-gutierrez-jaramillo,alvaro-uribe-velez
adriana-gutierrez-jaramillo,german-cardona-gutierrez
adriana-gutierrez-jaramillo,luis-alfonso-hoyos-aristizabal
adriana-gutierrez-jaramillo,oscar-ivan-zuluaga-escobar
adriana-gutierrez-jaramillo,rafael-pardo-rueda
alejandro-ordonez,alvaro-uribe-velez
alejandro-ordonez,angela-hernandez-alvarez
alejandro-ordonez,eduardo-pulgar-daza
alejandro-ordonez,fabio-valencia-cossio
alejandro-ordonez,francisco-javier-ricaurte-gomez
alejandro-ordonez,jose-dario-salazar-cruz
alejandro-ordonez,maria-sandra-morelli-rico
alejandro-ordonez,simon-gaviria-munoz
alfredo-rangel-suarez,alicia-arango-olmos
alfredo-rangel-suarez,alvaro-uribe-velez
alfredo-rangel-suarez,francisco-santos-calderon
alfredo-rangel-suarez,ivan-duque-marquez
alfredo-rangel-suarez,jose-obdulio-gaviria-velez
alfredo-rangel-suarez,luis-alfonso-hoyos-aristizabal
alfredo-rangel-suarez,maria-del-rosario-guerra-de-la-espriella
alfredo-rangel-suarez,maria-fernanda-cabal
alfredo-rangel-suarez,oscar-ivan-zuluaga-escobar
alfredo-rangel-suarez,paloma-valencia-laserna
alvaro-cruz-vargas,alvaro-uribe-velez
alvaro-cruz-vargas,buenaventura-leon-leon
alvaro-hernan-prada,alvaro-uribe-velez
alvaro-hernan-prada,ernesto-macias-tovar
alvaro-vasquez,alvaro-uribe-velez
alvaro-vasquez,luis-alfredo-ramos-botero
andres-gonzalez-diaz,alvaro-uribe-velez
angela-sofia-garzon-caicedo,alvaro-uribe-velez
angela-sofia-garzon-caicedo,carlos-fernando-galan-pachon
angela-sofia-garzon-caicedo,diego-molano-aponte
arturo-calderon-rivadeneira,alvaro-uribe-velez
arturo-calderon-rivadeneira,sergio-araujo-castro
carlos-felipe-cordoba-larrarte,alvaro-uribe-velez
carlos-felipe-cordoba-larrarte,cesar-gaviria-trujillo
carlos-felipe-cordoba-larrarte,eduardo-montealegre
carlos-felipe-cordoba-larrarte,german-vargas-lleras
carlos-felipe-cordoba-larrarte,victor-manuel-tamayo
carlos-gomez-espitia,alejandro-char-chaljub
carlos-gomez-espitia,alvaro-uribe-velez
carlos-gomez-espitia,german-vargas-lleras
carlos-jose-bitar,alvaro-uribe-velez
carlos-jose-bitar,german-olano-becerra
claudia-blum,alvaro-uribe-velez
claudia-blum,andres-pastrana-arango
claudia-blum,carlos-holmes-trujillo-qepd
claudia-blum,german-vargas-lleras
claudia-blum,gina-parody-d-echeona
claudia-blum,ivan-duque-marquez
claudia-blum,maria-paula-correa
edgar-gomez-roman,alvaro-uribe-velez
edgar-gomez-roman,cesar-gaviria-trujillo
edgar-gomez-roman,german-vargas-lleras
enrique-penalosa-londono,alvaro-uribe-velez
enrique-penalosa-londono,andres-villamizar-pachon
enrique-penalosa-londono,antanas-mockus
enrique-penalosa-londono,antonio-sanguino
enrique-penalosa-londono,camilo-romero-galeano
enrique-penalosa-londono,carlos-fernando-galan-pachon
enrique-penalosa-londono,david-luna-sanchez
enrique-penalosa-londono,felipe-munoz-gomez
enrique-penalosa-londono,german-vargas-lleras
enrique-penalosa-londono,gilma-jimenez-gomez
enrique-penalosa-londono,isabel-segovia-ospina
enrique-penalosa-londono,luis-eduardo-garzon
enrique-penalosa-londono,marta-lucia-ramirez
enrique-penalosa-londono,sergio-fajardo
fernando-londono-hoyos,alvaro-uribe-velez
fernando-londono-hoyos,maria-del-rosario-guerra-de-la-espriella
fernando-londono-hoyos,maria-fernanda-cabal
fernando-londono-hoyos,oscar-ivan-zuluaga-escobar
fernando-londono-hoyos,paloma-valencia-laserna
francisco-santos-calderon,alfredo-rangel-suarez
francisco-santos-calderon,alvaro-uribe-velez
francisco-santos-calderon,carlos-holmes-trujillo-qepd
francisco-santos-calderon,gabriel-santos-garcia
francisco-santos-calderon,ivan-duque-marquez
francisco-santos-calderon,jose-fernando-bautista-quintero
francisco-santos-calderon,jose-obdulio-gaviria-velez
francisco-santos-calderon,oscar-ivan-zuluaga-escobar
gabriel-santos-garcia,alvaro-uribe-velez
gabriel-santos-garcia,francisco-santos-calderon
gabriel-santos-garcia,ivan-duque-marquez
gabriel-santos-garcia,juan-fernando-reyes-kuri
gabriel-santos-garcia,mauricio-toro
gabriel-santos-garcia,paola-holguin-moreno
gabriel-vallejo-lopez,alvaro-uribe-velez
gabriel-vallejo-lopez,hernan-penagos-giraldo
gabriel-vallejo-lopez,oscar-ivan-zuluaga-escobar
ivan-aguilar-zambrano,alvaro-uribe-velez
ivan-aguilar-zambrano,richard-aguilar-villa
ivan-duque-marquez,alfredo-ramos-maya
ivan-duque-marquez,alfredo-rangel-suarez
ivan-duque-marquez,alicia-arango-olmos
ivan-duque-marquez,alvaro-uribe-velez
ivan-duque-marquez,armando-antonio-zabarain-d-arce
ivan-duque-marquez,carlos-holmes-trujillo-qepd
ivan-duque-marquez,claudia-blum
ivan-duque-marquez,francisco-santos-calderon
ivan-duque-marquez,gabriel-santos-garcia
ivan-duque-marquez,jose-obdulio-gaviria-velez
ivan-duque-marquez,maria-fernanda-cabal
ivan-duque-marquez,marta-lucia-ramirez
ivan-duque-marquez,oscar-dario-perez
ivan-duque-marquez,oscar-ivan-zuluaga-escobar
ivan-duque-marquez,paloma-valencia-laserna
ivan-duque-marquez,paola-holguin-moreno
jose-felix-lafaurie-rivera,alvaro-uribe-velez
jose-felix-lafaurie-rivera,andres-felipe-arias
jose-felix-lafaurie-rivera,noemi-sanin-posada
juan-carlos-velez-uribe,alvaro-uribe-velez
juan-carlos-velez-uribe,andres-guerra-hoyos
juan-carlos-velez-uribe,fabio-aristizabal-angel
juan-carlos-velez-uribe,liliana-rendon-roldan
juan-jose-rendon,alvaro-uribe-velez
leonardo-barrero-gordillo,alvaro-uribe-velez
leonardo-barrero-gordillo,paloma-valencia-laserna
maria-claudia-lacouture-pinedo,alvaro-uribe-velez
maria-fernanda-cabal,alfredo-rangel-suarez
maria-fernanda-cabal,alvaro-uribe-velez
maria-fernanda-cabal,fernando-londono-hoyos
maria-fernanda-cabal,ivan-duque-marquez
maria-fernanda-cabal,jose-obdulio-gaviria-velez
maria-fernanda-cabal,maria-del-rosario-guerra-de-la-espriella
maria-fernanda-cabal,paloma-valencia-laserna
mario-montoya-uribe,gabriel-silva-lujan
nancy-patricia-gutierrez,alvaro-uribe-velez
nancy-patricia-gutierrez,fuad-char-abdala
nancy-patricia-gutierrez,humberto-de-la-calle
nancy-patricia-gutierrez,juan-lozano-ramirez
nancy-patricia-gutierrez,roy-leonardo-barreras-montealegre
nilson-elias-pinilla-pinilla,alvaro-uribe-velez
paloma-valencia-laserna,alfredo-ramos-maya
paloma-valencia-laserna,alfredo-rangel-suarez
paloma-valencia-laserna,alvaro-uribe-velez
paloma-valencia-laserna,fernando-londono-hoyos
paloma-valencia-laserna,ivan-duque-marquez
paloma-valencia-laserna,jimena-velasco-chaves
paloma-valencia-laserna,jose-obdulio-gaviria-velez
paloma-valencia-laserna,leonardo-barrero-gordillo
paloma-valencia-laserna,maria-del-rosario-guerra-de-la-espriella
paloma-valencia-laserna,maria-fernanda-cabal
paloma-valencia-laserna,miguel-uribe-turbay
paloma-valencia-laserna,oscar-dario-perez
piedad-zuccardi,alvaro-uribe-velez
piedad-zuccardi,campo-elias-teran
rafael-guarin-cotrino,alvaro-uribe-velez
roberto-ortiz-uruena,alvaro-uribe-velez
roberto-ortiz-uruena,diego-patino-amariles
roberto-ortiz-uruena,guillermo-rivera-florez
roberto-ortiz-uruena,jorge-ivan-ospina-gomez
roberto-ortiz-uruena,juan-carlos-abadia-campo
roberto-ortiz-uruena,juan-fernando-cristo-bustos
roberto-ortiz-uruena,milton-fabian-castrillon-rodriguez
roberto-ortiz-uruena,simon-gaviria-munoz
rodrigo-rivera-salazar,alvaro-uribe-velez
rodrigo-rivera-salazar,diego-patino-amariles
sergio-araujo-castro,alvaro-uribe-velez
sergio-araujo-castro,andres-pastrana-arango
sergio-araujo-castro,antonio-navarro-wolff
sergio-araujo-castro,arturo-calderon-rivadeneira
viviane-aleyda-morales-hoyos,alvaro-uribe-velez
viviane-aleyda-morales-hoyos,carlos-bernal-pulido
viviane-aleyda-morales-hoyos,clara-rojas-gonzalez
viviane-aleyda-morales-hoyos,ernesto-samper-pizano
viviane-aleyda-morales-hoyos,hector-heli-rojas-jimenez
viviane-aleyda-morales-hoyos,horacio-serpa-uribe
viviane-aleyda-morales-hoyos,juan-manuel-galan-pachon
viviane-aleyda-morales-hoyos,simon-gaviria-munoz
viviane-aleyda-morales-hoyos,sofia-gaviria-correa
armando-benedetti,gina-parody-d-echeona
armando-benedetti,gustavo-francisco-petro-urrego
carlos-gaviria-diaz,alexander-lopez-maya
carlos-gaviria-diaz,alirio-uribe-munoz
carlos-gaviria-diaz,aurelio-suarez
carlos-gaviria-diaz,clara-eugenia-lopez-obregon
carlos-gaviria-diaz,german-navas-talero
carlos-gaviria-diaz,jorge-enrique-robledo-castillo
carlos-gaviria-diaz,katherine-miranda-pena
carlos-gaviria-diaz,wilson-arias-castillo
gabriel-silva-lujan,mario-montoya-uribe
german-vargas-lleras,alejandro-carlos-chacon-camargo
german-vargas-lleras,alejandro-char-chaljub
german-vargas-lleras,andres-villamizar-pachon
german-vargas-lleras,antonio-jose-lizarazo-ocampo
german-vargas-lleras,armando-antonio-zabarain-d-arce
german-vargas-lleras,arturo-char-chaljub
german-vargas-lleras,carlos-felipe-cordoba-larrarte
german-vargas-lleras,carlos-fernando-galan-pachon
german-vargas-lleras,carlos-gomez-espitia
german-vargas-lleras,carlos-julio-gonzalez-villa
german-vargas-lleras,cesar-augusto-lorduy
german-vargas-lleras,claudia-blum
german-vargas-lleras,cristina-plazas-michelsen
german-vargas-lleras,david-luna-sanchez
german-vargas-lleras,edgar-enrique-martinez-romero
german-vargas-lleras,edgar-gomez-roman
german-vargas-lleras,edgardo-maya-villazon
german-vargas-lleras,elsa-noguera-de-la-espriella
german-vargas-lleras,emma-claudia-castellanos
german-vargas-lleras,enrique-penalosa-londono
german-vargas-lleras,german-varon-cotrino
german-vargas-lleras,guido-echeverri-piedrahita
german-vargas-lleras,gustavo-nunez-guerrero
german-vargas-lleras,jaime-andres-gonzalez-mejia
german-vargas-lleras,javier-enrique-caceres-leal
german-vargas-lleras,jhon-esper-toledo
german-vargas-lleras,jorge-enrique-velez-garcia
german-vargas-lleras,juan-carlos-granados-becerra
german-vargas-lleras,juan-carlos-wills-ospina
german-vargas-lleras,liliana-rendon-roldan
german-vargas-lleras,luis-carlos-torres-rueda
german-vargas-lleras,luis-felipe-henao
german-vargas-lleras,marcos-daniel-pineda-garcia
german-vargas-lleras,milene-jarava-diaz
german-vargas-lleras,natalia-abello-vives
german-vargas-lleras,nestor-humberto-martinez
german-vargas-lleras,nicolas-garcia-bustos
german-vargas-lleras,oneida-pinto-perez
german-vargas-lleras,osman-roa-sarmiento
german-vargas-lleras,roberto-hinestrosa-rey
german-vargas-lleras,rosa-cotes-vives
luis-eduardo-garzon,angelica-lozano-correa
luis-eduardo-garzon,antonio-sanguino
luis-eduardo-garzon,enrique-penalosa-londono
luis-eduardo-garzon,john-sudarsky-rosenbaum
luis-eduardo-garzon,julio-roberto-gomez-esguerra-qepd
luis-eduardo-garzon,katherine-miranda-pena
luis-eduardo-garzon,marta-lucia-ramirez
luis-eduardo-garzon,sergio-fajardo
rafael-pardo-rueda,adriana-gutierrez-jaramillo
rafael-pardo-rueda,angelica-lozano-correa
rafael-pardo-rueda,anibal-gaviria-correa
rafael-pardo-rueda,carlos-baena
rafael-pardo-rueda,carlos-vicente-de-roux
rafael-pardo-rueda,claudia-lopez
rafael-pardo-rueda,david-luna-sanchez
rafael-pardo-rueda,gina-parody-d-echeona
rafael-pardo-rueda,guillermo-rivera-florez
rafael-pardo-rueda,hector-heli-rojas-jimenez
rafael-pardo-rueda,jose-antonio-segebre-berardinelli
rafael-pardo-rueda,juan-carlos-lopez-castrilllon
rafael-pardo-rueda,juan-fernando-cristo-bustos
rafael-pardo-rueda,katherine-miranda-pena
rafael-pardo-rueda,maria-margarita-zuleta
rafael-pardo-rueda,mario-alberto-huertas-cotes
rafael-pardo-rueda,mauricio-jaramillo-martinez
rafael-pardo-rueda,nestor-humberto-martinez
rafael-pardo-rueda,roy-leonardo-barreras-montealegre
rafael-pardo-rueda,simon-gaviria-munoz
maurice-armitage-cadavid,cesar-augusto-caicedo-jaramillo
maurice-armitage-cadavid,henry-eder-caicedo
claudia-lopez,alejandra-barrios-cabrera
claudia-lopez,angelica-lozano-correa
claudia-lopez,antanas-mockus
claudia-lopez,antonio-navarro-wolff
claudia-lopez,camilo-romero-galeano
claudia-lopez,carlos-vicente-de-roux
claudia-lopez,fabian-diaz
claudia-lopez,jorge-enrique-robledo-castillo
claudia-lopez,jose-antonio-ocampo
claudia-lopez,juanita-goebertus
claudia-lopez,katherine-miranda-pena
claudia-lopez,mauricio-toro
claudia-lopez,pedro-leonidas-gomez-gomez
claudia-lopez,rafael-pardo-rueda
claudia-lopez,sergio-fajardo
daniel-quintero-calle,anibal-gaviria-correa
daniel-quintero-calle,gustavo-francisco-petro-urrego
daniel-quintero-calle,humberto-de-la-calle
daniel-quintero-calle,juan-manuel-santos-calderon
luis-alfredo-ramos-botero,jorge-enrique-velez-garcia
luis-alfredo-ramos-botero,oscar-dario-perez
humberto-de-la-calle,clara-eugenia-lopez-obregon
humberto-de-la-calle,daniel-quintero-calle
humberto-de-la-calle,juan-fernando-reyes-kuri
humberto-de-la-calle,nancy-patricia-gutierrez
humberto-de-la-calle,nestor-humberto-martinez
simon-gaviria-munoz,alejandro-ordonez
simon-gaviria-munoz,david-luna-sanchez
simon-gaviria-munoz,felipe-munoz-gomez
simon-gaviria-munoz,hector-heli-rojas-jimenez
simon-gaviria-munoz,horacio-jose-serpa-moncada
simon-gaviria-munoz,jorge-armando-otalora
simon-gaviria-munoz,juan-manuel-galan-pachon
simon-gaviria-munoz,miguel-uribe-turbay
simon-gaviria-munoz,rafael-pardo-rueda
simon-gaviria-munoz,roberto-ortiz-uruena
simon-gaviria-munoz,viviane-aleyda-morales-hoyos
noemi-sanin-posada,armando-antonio-zabarain-d-arce
noemi-sanin-posada,carlos-vicente-de-roux
noemi-sanin-posada,jose-felix-lafaurie-rivera
noemi-sanin-posada,juan-gabriel-uribe-vegalara
noemi-sanin-posada,manuel-santiago-mejia-correa
aida-avella-esquivel,andres-gil-gutierrez
aida-avella-esquivel,clara-eugenia-lopez-obregon
aida-avella-esquivel,gustavo-francisco-petro-urrego
aida-avella-esquivel,ivan-cepeda
ana-teresa-bernal,antonio-navarro-wolff
ana-teresa-bernal,enrique-santos-calderon
ana-teresa-bernal,jose-obdulio-gaviria-velez
andres-pastrana-arango,antonio-quinto-guerra-varela
andres-pastrana-arango,ciro-ramirez-pinzon
andres-pastrana-arango,claudia-blum
andres-pastrana-arango,juan-camilo-restrepo-salazar
andres-pastrana-arango,juan-gabriel-uribe-vegalara
andres-pastrana-arango,luis-camilo-osorio-isaza
andres-pastrana-arango,omar-yepes-alzate
andres-pastrana-arango,roberto-victor-gerlein-echeverria
andres-pastrana-arango,sergio-araujo-castro
andres-pastrana-arango,william-vinasco-chamorro
eduardo-verano-de-la-rosa,armando-antonio-zabarain-d-arce
eduardo-verano-de-la-rosa,efrain-cepeda-sarabia
eduardo-verano-de-la-rosa,horacio-serpa-uribe
eduardo-verano-de-la-rosa,juan-manuel-santos-calderon
argemiro-cortes,angelino-garzon
argemiro-cortes,jorge-ivan-ospina-gomez
argemiro-cortes,rodrigo-guerrero-velasco
dilian-francisca-toro,angelino-garzon
dilian-francisca-toro,juan-manuel-santos-calderon
dilian-francisca-toro,rodrigo-guerrero-velasco
dilian-francisca-toro,ubeimar-delgado-blandon
julio-roberto-gomez-esguerra-qepd,angelino-garzon
julio-roberto-gomez-esguerra-qepd,antonio-navarro-wolff
julio-roberto-gomez-esguerra-qepd,gustavo-francisco-petro-urrego
julio-roberto-gomez-esguerra-qepd,luis-eduardo-garzon
pedro-antonio-aguilar-rodriguez,angelino-garzon
pedro-antonio-aguilar-rodriguez,juan-manuel-santos-calderon
maria-isabel-urrutia-ocoro,jaime-araujo-renteria
wilson-arias-castillo,alirio-uribe-munoz
wilson-arias-castillo,carlos-gaviria-diaz
wilson-arias-castillo,german-navas-talero
wilson-arias-castillo,ivan-cepeda
wilson-arias-castillo,jorge-enrique-robledo-castillo
antanas-mockus,alejandro-gaviria-uribe
antanas-mockus,angelica-lozano-correa
antanas-mockus,antonio-sanguino
antanas-mockus,claudia-lopez
antanas-mockus,fabian-diaz
antanas-mockus,gina-parody-d-echeona
antanas-mockus,jose-antonio-ocampo
antanas-mockus,juan-carlos-florez-arcila
antanas-mockus,juan-fernando-reyes-kuri
antanas-mockus,juanita-goebertus
antanas-mockus,katherine-miranda-pena
antanas-mockus,marta-lucia-ramirez
antanas-mockus,rodrigo-lara-sanchez
juan-camilo-restrepo-salazar,andres-pastrana-arango
cesar-gaviria-trujillo,alejandro-char-chaljub
cesar-gaviria-trujillo,carlos-felipe-cordoba-larrarte
cesar-gaviria-trujillo,edgar-gomez-roman
cesar-gaviria-trujillo,joaquin-jose-vives-perez
cesar-gaviria-trujillo,jorge-fernando-perdomo
cesar-gaviria-trujillo,juan-carlos-lopez-castrilllon
cesar-gaviria-trujillo,juan-carlos-losada
cesar-gaviria-trujillo,juan-fernando-reyes-kuri
cesar-gaviria-trujillo,juan-manuel-galan-pachon
cesar-gaviria-trujillo,juan-manuel-santos-calderon
cesar-gaviria-trujillo,orlando-benitez
ernesto-samper-pizano,alfonso-gomez-mendez
ernesto-samper-pizano,amylkar-acosta-medina
ernesto-samper-pizano,carlos-medellin-becerra
ernesto-samper-pizano,edgardo-maya-villazon
ernesto-samper-pizano,horacio-serpa-uribe
ernesto-samper-pizano,juan-fernando-cristo-bustos
ernesto-samper-pizano,piedad-cordoba-ruiz
ernesto-samper-pizano,viviane-aleyda-morales-hoyos
elsa-noguera-de-la-espriella,alejandro-char-chaljub
elsa-noguera-de-la-espriella,alfredo-varela-de-la-rosa
elsa-noguera-de-la-espriella,armando-antonio-zabarain-d-arce
elsa-noguera-de-la-espriella,german-vargas-lleras
elsa-noguera-de-la-espriella,roberto-victor-gerlein-echeverria
horacio-serpa-uribe,alfonso-gomez-mendez
horacio-serpa-uribe,clara-rojas-gonzalez
horacio-serpa-uribe,diana-fajardo
horacio-serpa-uribe,eduardo-verano-de-la-rosa
horacio-serpa-uribe,ernesto-samper-pizano
horacio-serpa-uribe,hector-heli-rojas-jimenez
horacio-serpa-uribe,juan-carlos-losada
horacio-serpa-uribe,julio-cesar-turbay-quintero
horacio-serpa-uribe,maria-emma-mejia
horacio-serpa-uribe,mauricio-jaramillo-martinez
horacio-serpa-uribe,miguel-angel-pinto-hernandez
horacio-serpa-uribe,sofia-gaviria-correa
horacio-serpa-uribe,viviane-aleyda-morales-hoyos
juan-gabriel-uribe-vegalara,andres-pastrana-arango
juan-gabriel-uribe-vegalara,juan-camilo-restrepo-salazar
juan-gabriel-uribe-vegalara,mauricio-jaramillo-martinez
juan-gabriel-uribe-vegalara,noemi-sanin-posada
efrain-cepeda-sarabia,armando-antonio-zabarain-d-arce
efrain-cepeda-sarabia,carlos-ramiro-chavarro
efrain-cepeda-sarabia,carlos-rodado-noriega
efrain-cepeda-sarabia,eduardo-verano-de-la-rosa
efrain-cepeda-sarabia,juan-carlos-wills-ospina
efrain-cepeda-sarabia,juan-manuel-santos-calderon
fuad-char-abdala,carlos-rodado-noriega
fuad-char-abdala,gustavo-bell-lemus
fuad-char-abdala,luis-carlos-torres-rueda
fuad-char-abdala,nancy-patricia-gutierrez
federico-restrepo-posada,federico-gutierrez
federico-restrepo-posada,sergio-fajardo
luis-felipe-henao,german-vargas-lleras
nestor-humberto-martinez,german-vargas-lleras
nestor-humberto-martinez,gustavo-francisco-petro-urrego
nestor-humberto-martinez,humberto-de-la-calle
nestor-humberto-martinez,luis-guillermo-giraldo-hurtado
nestor-humberto-martinez,rafael-pardo-rueda
nestor-humberto-martinez,roy-leonardo-barreras-montealegre
santiago-perry-rubio,cesar-pardo-villalba
jorge-fernando-perdomo,cesar-gaviria-trujillo
martha-lucia-zamora-avila,ernesto-samper-pizano
martha-lucia-zamora-avila,horacio-serpa-uribe
edgardo-maya-villazon,eduardo-montealegre
edgardo-maya-villazon,ernesto-samper-pizano
edgardo-maya-villazon,german-vargas-lleras
edgardo-maya-villazon,juan-manuel-santos-calderon
maria-sandra-morelli-rico,alejandro-ordonez
juan-manuel-ospina-restrepo,liliana-pardo-gaona
liliana-pardo-gaona,juan-manuel-ospina-restrepo
german-blanco,fabio-valencia-cossio
david-luna-sanchez,alfonso-prada
david-luna-sanchez,enrique-penalosa-londono
david-luna-sanchez,felipe-munoz-gomez
david-luna-sanchez,german-vargas-lleras
david-luna-sanchez,gilma-jimenez-gomez
david-luna-sanchez,horacio-jose-serpa-moncada
david-luna-sanchez,jose-daniel-lopez-jimenez
david-luna-sanchez,juan-manuel-galan-pachon
david-luna-sanchez,miguel-uribe-turbay
david-luna-sanchez,rafael-pardo-rueda
david-luna-sanchez,simon-gaviria-munoz
rodrigo-guerrero-velasco,argemiro-cortes
rodrigo-guerrero-velasco,dilian-francisca-toro
rodrigo-guerrero-velasco,juan-fernando-reyes-kuri
roy-leonardo-barreras-montealegre,criselda-lobo-silva
roy-leonardo-barreras-montealegre,edwin-jose-besaile-fayad
roy-leonardo-barreras-montealegre,francisco-jose-lloreda-mera
roy-leonardo-barreras-montealegre,nancy-patricia-gutierrez
roy-leonardo-barreras-montealegre,nestor-humberto-martinez
roy-leonardo-barreras-montealegre,rafael-pardo-rueda
roy-leonardo-barreras-montealegre,william-villamizar
jorge-ivan-ospina-gomez,angelino-garzon
jorge-ivan-ospina-gomez,argemiro-cortes
jorge-ivan-ospina-gomez,juan-carlos-abadia-campo
jorge-ivan-ospina-gomez,juan-carlos-martinez-sinisterra
jorge-ivan-ospina-gomez,roberto-ortiz-uruena
anibal-fernandez-de-soto,soledad-tamayo
luis-carlos-villegas-echeverri,everardo-murillo-sanchez
luis-roberto-rivas,german-cardona-gutierrez
luis-roberto-rivas,guido-echeverri-piedrahita
luis-roberto-rivas,hernan-penagos-giraldo
nestor-eugenio-ramirez,luis-alfonso-hoyos-aristizabal
carlos-andres-amaya,alfonso-prada
carlos-andres-amaya,angela-maria-robledo
carlos-andres-amaya,gilma-jimenez-gomez
carlos-andres-amaya,hector-heli-rojas-jimenez
carlos-andres-amaya,john-sudarsky-rosenbaum
hugo-arley-tobar-otero,gina-parody-d-echeona
aurelio-suarez,antonio-navarro-wolff
aurelio-suarez,carlos-gaviria-diaz
aurelio-suarez,cesar-pachon-achury
aurelio-suarez,clara-eugenia-lopez-obregon
aurelio-suarez,german-navas-talero
aurelio-suarez,gustavo-francisco-petro-urrego
aurelio-suarez,ivan-cepeda
aurelio-suarez,jorge-enrique-robledo-castillo
aurelio-suarez,oscar-gutierrez-reyes
aurelio-suarez,sergio-fernandez-granados
carlos-fernando-galan-pachon,angela-sofia-garzon-caicedo
carlos-fernando-galan-pachon,david-luna-sanchez
carlos-fernando-galan-pachon,enrique-penalosa-londono
carlos-fernando-galan-pachon,german-vargas-lleras
gustavo-francisco-petro-urrego,aida-avella-esquivel
gustavo-francisco-petro-urrego,alexander-lopez-maya
gustavo-francisco-petro-urrego,alirio-uribe-munoz
gustavo-francisco-petro-urrego,angela-maria-robledo
gustavo-francisco-petro-urrego,aurelio-suarez
gustavo-francisco-petro-urrego,camilo-romero-galeano
gustavo-francisco-petro-urrego,carlos-vicente-de-roux
gustavo-francisco-petro-urrego,clara-eugenia-lopez-obregon
gustavo-francisco-petro-urrego,daniel-quintero-calle
gustavo-francisco-petro-urrego,francia-elena-marquez-mina
gustavo-francisco-petro-urrego,german-navas-talero
gustavo-francisco-petro-urrego,gustavo-bolivar
gustavo-francisco-petro-urrego,jaime-gilinski-bacal
gustavo-francisco-petro-urrego,julio-roberto-gomez-esguerra-qepd
gustavo-francisco-petro-urrego,nestor-humberto-martinez
gustavo-francisco-petro-urrego,victor-hugo-vidal-piedrahita
hernan-penagos-giraldo,gabriel-vallejo-lopez
hernan-penagos-giraldo,guido-echeverri-piedrahita
hernan-penagos-giraldo,juan-manuel-santos-calderon
hernan-penagos-giraldo,luis-alfonso-hoyos-aristizabal
hernan-penagos-giraldo,luis-roberto-rivas
hernan-penagos-giraldo,mauricio-lizcano
hernan-penagos-giraldo,oscar-ivan-zuluaga-escobar
omar-yepes-alzate,andres-pastrana-arango
omar-yepes-alzate,david-alejandro-barguil-assis
omar-yepes-alzate,guido-echeverri-piedrahita
omar-yepes-alzate,hernan-andrade-serrano
omar-yepes-alzate,marta-lucia-ramirez
jose-antonio-ocampo,alonso-salazar-jaramillo
jose-antonio-ocampo,antanas-mockus
jose-antonio-ocampo,antonio-navarro-wolff
jose-antonio-ocampo,carlos-vicente-de-roux
jose-antonio-ocampo,claudia-lopez
juan-carlos-pinzon-bueno,mauricio-cardenas-santamaria
alejandro-char-chaljub,armando-antonio-zabarain-d-arce
alejandro-char-chaljub,carlos-gomez-espitia
alejandro-char-chaljub,cesar-gaviria-trujillo
alejandro-char-chaljub,christian-daes-abuchaibe
alejandro-char-chaljub,edgar-enrique-martinez-romero
alejandro-char-chaljub,elsa-noguera-de-la-espriella
alejandro-char-chaljub,german-vargas-lleras
alejandro-char-chaljub,jaime-andres-gonzalez-mejia
alejandro-char-chaljub,marcos-daniel-pineda-garcia
alejandro-char-chaljub,oneida-pinto-perez
alejandro-char-chaljub,roberto-victor-gerlein-echeverria
alejandro-char-chaljub,rosa-cotes-vives
maria-emma-mejia,horacio-serpa-uribe
mauricio-cardenas-santamaria,juan-carlos-pinzon-bueno
alejandro-gaviria-uribe,antanas-mockus
alfonso-gomez-mendez,amylkar-acosta-medina
alfonso-gomez-mendez,ernesto-samper-pizano
alfonso-gomez-mendez,guillermo-alfonso-jaramillo
alfonso-gomez-mendez,horacio-serpa-uribe
alfonso-gomez-mendez,mauricio-jaramillo-martinez
alfonso-prada,antonio-sanguino
alfonso-prada,carlos-andres-amaya
alfonso-prada,david-luna-sanchez
alfonso-prada,enrique-penalosa-londono
alfonso-prada,gilma-jimenez-gomez
alfonso-prada,juan-manuel-santos-calderon
alfonso-prada,sergio-fajardo
amylkar-acosta-medina,alfonso-gomez-mendez
amylkar-acosta-medina,ernesto-samper-pizano
andres-villamizar-pachon,enrique-penalosa-londono
andres-villamizar-pachon,german-vargas-lleras
bruce-mac-master,sergio-fajardo
clara-rojas-gonzalez,horacio-serpa-uribe
clara-rojas-gonzalez,juan-manuel-galan-pachon
clara-rojas-gonzalez,sofia-gaviria-correa
clara-rojas-gonzalez,viviane-aleyda-morales-hoyos
cristina-plazas-michelsen,german-vargas-lleras
guillermo-rivera-florez,carmen-palencia-cabrales
guillermo-rivera-florez,hector-heli-rojas-jimenez
guillermo-rivera-florez,ivan-cepeda
guillermo-rivera-florez,juan-carlos-losada
guillermo-rivera-florez,juan-fernando-cristo-bustos
guillermo-rivera-florez,rafael-pardo-rueda
guillermo-rivera-florez,roberto-ortiz-uruena
jorge-enrique-velez-garcia,german-vargas-lleras
jorge-enrique-velez-garcia,luis-alfredo-ramos-botero
juan-carlos-lopez-castrilllon,cesar-gaviria-trujillo
juan-carlos-lopez-castrilllon,rafael-pardo-rueda
juan-fernando-cristo-bustos,alejandro-carlos-chacon-camargo
juan-fernando-cristo-bustos,ernesto-samper-pizano
juan-fernando-cristo-bustos,guillermo-rivera-florez
juan-fernando-cristo-bustos,hector-heli-rojas-jimenez
juan-fernando-cristo-bustos,horacio-jose-serpa-moncada
juan-fernando-cristo-bustos,jose-neftali-santos-ramirez
juan-fernando-cristo-bustos,rafael-pardo-rueda
juan-fernando-cristo-bustos,roberto-ortiz-uruena
juan-fernando-cristo-bustos,william-villamizar
juan-guillermo-zuluaga,luis-carlos-torres-rueda
juan-mario-laserna-jaramillo,oscar-barreto-quiroga
luis-guillermo-velez-cabrera,luis-carlos-sarmiento-angulo
maria-margarita-zuleta,rafael-pardo-rueda
pedro-vicente-obando,antonio-navarro-wolff
rey-ariel-borbon,hernan-andrade-serrano
samuel-azout-papu,sergio-fajardo
buenaventura-leon-leon,alvaro-cruz-vargas
buenaventura-leon-leon,juan-manuel-santos-calderon
carlos-mattos,jaime-andres-gonzalez-mejia
carlos-mattos,juan-manuel-santos-calderon
diego-fernando-mora-arango,juan-manuel-santos-calderon
edwin-jose-besaile-fayad,juan-jose-gonzalez-jimenez
edwin-jose-besaile-fayad,juan-manuel-santos-calderon
edwin-jose-besaile-fayad,roy-leonardo-barreras-montealegre
francisco-franco-ovalle-angarita,juan-manuel-santos-calderon
hernan-andrade-serrano,juan-manuel-santos-calderon
hernan-andrade-serrano,omar-yepes-alzate
hernan-andrade-serrano,rey-ariel-borbon
hernan-andrade-serrano,roberto-victor-gerlein-echeverria
juan-jose-garcia-romero,campo-elias-teran
juan-jose-garcia-romero,juan-manuel-santos-calderon
juan-pablo-diaz-granados,juan-manuel-santos-calderon
mario-alberto-huertas-cotes,juan-manuel-santos-calderon
mario-alberto-huertas-cotes,rafael-pardo-rueda
mauricio-lizcano,hernan-penagos-giraldo
mauricio-lizcano,juan-manuel-santos-calderon
mayerlis-angarita-robles,juan-manuel-santos-calderon
milene-jarava-diaz,german-vargas-lleras
milene-jarava-diaz,juan-manuel-santos-calderon
roberto-victor-gerlein-echeverria,alejandro-char-chaljub
roberto-victor-gerlein-echeverria,carlos-ramiro-chavarro
roberto-victor-gerlein-echeverria,elsa-noguera-de-la-espriella
roberto-victor-gerlein-echeverria,hernan-andrade-serrano
roberto-victor-gerlein-echeverria,juan-manuel-santos-calderon
william-villamizar,andres-cristo-bustos
william-villamizar,ciro-rodriguez-pinzon
william-villamizar,juan-fernando-cristo-bustos
william-villamizar,juan-manuel-santos-calderon
william-villamizar,manuel-guillermo-mora-jaramillo
william-villamizar,ramiro-suarez-corzo
william-villamizar,roy-leonardo-barreras-montealegre
william-villamizar,wilmer-carrillo-mendoza
jorge-enrique-robledo-castillo,alirio-uribe-munoz
jorge-enrique-robledo-castillo,angelica-lozano-correa
jorge-enrique-robledo-castillo,camilo-romero-galeano
jorge-enrique-robledo-castillo,carlos-gaviria-diaz
jorge-enrique-robledo-castillo,celio-nieves
jorge-enrique-robledo-castillo,claudia-lopez
jorge-enrique-robledo-castillo,german-navas-talero
jorge-enrique-robledo-castillo,ivan-cepeda
jorge-enrique-robledo-castillo,oscar-gutierrez-reyes
jorge-enrique-robledo-castillo,sergio-fajardo
jorge-enrique-robledo-castillo,sergio-fernandez-granados
jorge-enrique-robledo-castillo,wilson-arias-castillo
hans-peter-knudsen-quevedo,marta-lucia-ramirez
anibal-gaviria-correa,daniel-quintero-calle
anibal-gaviria-correa,gabriel-jaime-rico
anibal-gaviria-correa,hector-heli-rojas-jimenez
anibal-gaviria-correa,rafael-pardo-rueda
anibal-gaviria-correa,sergio-fajardo
julio-cesar-turbay-quintero,horacio-serpa-uribe
miguel-uribe-turbay,david-luna-sanchez
miguel-uribe-turbay,juan-carlos-wills-ospina
miguel-uribe-turbay,juan-manuel-galan-pachon
miguel-uribe-turbay,paloma-valencia-laserna
miguel-uribe-turbay,simon-gaviria-munoz
jaime-araujo-renteria,maria-isabel-urrutia-ocoro
david-alejandro-barguil-assis,marcos-daniel-pineda-garcia
david-alejandro-barguil-assis,omar-yepes-alzate
antonio-quinto-guerra-varela,andres-pastrana-arango
antonio-quinto-guerra-varela,marta-lucia-ramirez
camilo-gomez-alzate,marta-lucia-ramirez
sergio-fajardo,alfonso-prada
sergio-fajardo,alonso-salazar-jaramillo
sergio-fajardo,angelica-lozano-correa
sergio-fajardo,anibal-gaviria-correa
sergio-fajardo,antanas-mockus
sergio-fajardo,antonio-sanguino
sergio-fajardo,claudia-lopez
sergio-fajardo,enrique-penalosa-londono
sergio-fajardo,federico-gutierrez
sergio-fajardo,john-sudarsky-rosenbaum
sergio-fajardo,jorge-enrique-robledo-castillo
sergio-fajardo,juan-carlos-florez-arcila
sergio-fajardo,juan-fernando-reyes-kuri
sergio-fajardo,katherine-miranda-pena
sergio-fajardo,luis-eduardo-garzon
sergio-fajardo,marta-lucia-ramirez
sergio-fajardo,mauricio-toro
sergio-fajardo,paola-holguin-moreno
sergio-fajardo,rodrigo-lara-sanchez
sergio-fajardo,samuel-azout-papu
andres-guerra-hoyos,juan-carlos-velez-uribe
andres-guerra-hoyos,oscar-dario-perez
mauricio-toro-bridge,oscar-ivan-zuluaga-escobar
federico-gutierrez,david-emilio-bojanini-garcia
federico-gutierrez,federico-restrepo-posada
federico-gutierrez,paola-holguin-moreno
federico-gutierrez,sergio-fajardo
ivan-cepeda,aida-avella-esquivel
ivan-cepeda,alirio-uribe-munoz
ivan-cepeda,aurelio-suarez
ivan-cepeda,camilo-romero-galeano
ivan-cepeda,german-navas-talero
ivan-cepeda,guillermo-rivera-florez
ivan-cepeda,jorge-enrique-robledo-castillo
ivan-cepeda,piedad-cordoba-ruiz
ivan-cepeda,wilson-arias-castillo
ivan-marquez,alfonso-cano
ivan-marquez,jairo-cala
ivan-marquez,jesus-santrich
jesus-santrich,alfonso-cano
jesus-santrich,ivan-marquez
jose-daniel-lopez-jimenez,david-luna-sanchez
jose-daniel-lopez-jimenez,juan-carlos-losada
jose-daniel-lopez-jimenez,juan-carlos-wills-ospina
jose-daniel-lopez-jimenez,juan-fernando-reyes-kuri
jose-daniel-lopez-jimenez,juanita-goebertus
jose-daniel-lopez-jimenez,mauricio-toro
jose-daniel-lopez-jimenez,rodrigo-lara-restrepo
rodrigo-lara-sanchez,antanas-mockus
rodrigo-lara-sanchez,juan-carlos-florez-arcila
rodrigo-lara-sanchez,sergio-fajardo
juanita-goebertus,angelica-lozano-correa
juanita-goebertus,antanas-mockus
juanita-goebertus,claudia-lopez
juanita-goebertus,jose-daniel-lopez-jimenez
juanita-goebertus,juan-carlos-losada
juanita-goebertus,juan-carlos-wills-ospina
juanita-goebertus,juan-fernando-reyes-kuri
juanita-goebertus,katherine-miranda-pena
juanita-goebertus,mauricio-toro
diego-bravo-borda,antonio-navarro-wolff
diego-bravo-borda,gustavo-francisco-petro-urrego
angela-hernandez-alvarez,alejandro-ordonez
angela-hernandez-alvarez,richard-aguilar-villa
eduardo-pulgar-daza,alejandro-ordonez
francisco-javier-ricaurte-gomez,alejandro-ordonez
jose-dario-salazar-cruz,alejandro-ordonez
piedad-cordoba-ruiz,andres-gil-gutierrez
piedad-cordoba-ruiz,cesar-jerez-martinez
piedad-cordoba-ruiz,ernesto-samper-pizano
piedad-cordoba-ruiz,ivan-cepeda
victor-manuel-tamayo,carlos-felipe-cordoba-larrarte
victor-manuel-tamayo,diego-patino-amariles
maria-paula-correa,claudia-blum
luis-alberto-gil-castillo,didier-tavera
luis-alberto-gil-castillo,german-torres-prieto
luis-alberto-gil-castillo,yahir-fernando-acuna-cardales
gilma-jimenez-gomez,alfonso-prada
gilma-jimenez-gomez,antonio-sanguino
gilma-jimenez-gomez,carlos-andres-amaya
gilma-jimenez-gomez,david-luna-sanchez
gilma-jimenez-gomez,enrique-penalosa-londono
john-sudarsky-rosenbaum,angela-maria-robledo
john-sudarsky-rosenbaum,angelica-lozano-correa
john-sudarsky-rosenbaum,antanas-mockus
john-sudarsky-rosenbaum,camilo-romero-galeano
john-sudarsky-rosenbaum,carlos-andres-amaya
john-sudarsky-rosenbaum,katherine-miranda-pena
john-sudarsky-rosenbaum,luis-eduardo-garzon
john-sudarsky-rosenbaum,sergio-fajardo
antonio-sanguino,alfonso-prada
antonio-sanguino,angela-maria-robledo
antonio-sanguino,antanas-mockus
antonio-sanguino,camilo-romero-galeano
antonio-sanguino,carlos-vicente-de-roux
antonio-sanguino,enrique-penalosa-londono
antonio-sanguino,gilma-jimenez-gomez
antonio-sanguino,leon-valencia-agudelo
antonio-sanguino,luis-eduardo-garzon
antonio-sanguino,sergio-fajardo
camilo-romero-galeano,angela-maria-robledo
camilo-romero-galeano,antonio-navarro-wolff
camilo-romero-galeano,antonio-sanguino
camilo-romero-galeano,carlos-vicente-de-roux
camilo-romero-galeano,clara-eugenia-lopez-obregon
camilo-romero-galeano,claudia-lopez
camilo-romero-galeano,enrique-penalosa-londono
camilo-romero-galeano,german-navas-talero
camilo-romero-galeano,gustavo-francisco-petro-urrego
camilo-romero-galeano,ivan-cepeda
camilo-romero-galeano,ivan-moreno-rojas
camilo-romero-galeano,john-sudarsky-rosenbaum
camilo-romero-galeano,jorge-enrique-robledo-castillo
camilo-romero-galeano,samuel-gustavo-moreno-rojas
angelica-lozano-correa,antanas-mockus
angelica-lozano-correa,antonio-navarro-wolff
angelica-lozano-correa,claudia-lopez
angelica-lozano-correa,criselda-lobo-silva
angelica-lozano-correa,john-sudarsky-rosenbaum
angelica-lozano-correa,jorge-enrique-robledo-castillo
angelica-lozano-correa,juanita-goebertus
angelica-lozano-correa,luis-eduardo-garzon
angelica-lozano-correa,rafael-pardo-rueda
angelica-lozano-correa,sergio-fajardo
carlos-vicente-de-roux,antonio-navarro-wolff
carlos-vicente-de-roux,antonio-sanguino
carlos-vicente-de-roux,camilo-romero-galeano
carlos-vicente-de-roux,claudia-lopez
carlos-vicente-de-roux,gustavo-francisco-petro-urrego
carlos-vicente-de-roux,jose-antonio-ocampo
carlos-vicente-de-roux,maria-fernanda-rojas
carlos-vicente-de-roux,noemi-sanin-posada
carlos-vicente-de-roux,rafael-pardo-rueda
clara-eugenia-lopez-obregon,aida-avella-esquivel
clara-eugenia-lopez-obregon,alirio-uribe-munoz
clara-eugenia-lopez-obregon,aurelio-suarez
clara-eugenia-lopez-obregon,camilo-romero-galeano
clara-eugenia-lopez-obregon,carlos-gaviria-diaz
clara-eugenia-lopez-obregon,german-navas-talero
clara-eugenia-lopez-obregon,gustavo-francisco-petro-urrego
clara-eugenia-lopez-obregon,humberto-de-la-calle
clara-eugenia-lopez-obregon,ivan-moreno-rojas
clara-eugenia-lopez-obregon,luis-alejandro-pedraza-becerra
clara-eugenia-lopez-obregon,maria-mercedes-maldonado
clara-eugenia-lopez-obregon,miguel-samper-strouss
clara-eugenia-lopez-obregon,samuel-gustavo-moreno-rojas
juan-carlos-florez-arcila,antanas-mockus
juan-carlos-florez-arcila,gina-parody-d-echeona
juan-carlos-florez-arcila,rodrigo-lara-sanchez
juan-carlos-florez-arcila,sergio-fajardo
katherine-miranda-pena,antanas-mockus
katherine-miranda-pena,carlos-gaviria-diaz
katherine-miranda-pena,claudia-lopez
katherine-miranda-pena,john-sudarsky-rosenbaum
katherine-miranda-pena,juanita-goebertus
katherine-miranda-pena,luis-eduardo-garzon
katherine-miranda-pena,mauricio-toro
katherine-miranda-pena,rafael-pardo-rueda
katherine-miranda-pena,sergio-fajardo
mauricio-toro,claudia-lopez
mauricio-toro,edwin-ballesteros
mauricio-toro,gabriel-santos-garcia
mauricio-toro,jose-daniel-lopez-jimenez
mauricio-toro,juan-carlos-wills-ospina
mauricio-toro,juanita-goebertus
mauricio-toro,katherine-miranda-pena
mauricio-toro,sergio-fajardo
natalia-abello-vives,german-vargas-lleras
richard-aguilar-villa,angela-hernandez-alvarez
richard-aguilar-villa,hugo-heliodoro-aguilar-naranjo
richard-aguilar-villa,ivan-aguilar-zambrano
carlos-fernando-sanchez,hugo-heliodoro-aguilar-naranjo
carlos-fernando-sanchez,nerthink-mauricio-aguilar-hurtado
juan-carlos-granados-becerra,german-vargas-lleras
jimena-velasco-chaves,paloma-valencia-laserna
campo-elias-teran,juan-jose-garcia-romero
diego-patino-amariles,roberto-ortiz-uruena
diego-patino-amariles,rodrigo-rivera-salazar
diego-patino-amariles,victor-manuel-tamayo
juan-carlos-abadia-campo,hector-fabio-useche-de-la-cruz
juan-carlos-abadia-campo,juan-carlos-martinez-sinisterra
juan-carlos-abadia-campo,roberto-ortiz-uruena
milton-fabian-castrillon-rodriguez,roberto-ortiz-uruena
antonio-navarro-wolff,alfredo-varela-de-la-rosa
antonio-navarro-wolff,ana-teresa-bernal
antonio-navarro-wolff,angelica-lozano-correa
antonio-navarro-wolff,aurelio-suarez
antonio-navarro-wolff,camilo-romero-galeano
antonio-navarro-wolff,carlos-vicente-de-roux
antonio-navarro-wolff,claudia-lopez
antonio-navarro-wolff,daniel-garcia-pena
antonio-navarro-wolff,diego-bravo-borda
antonio-navarro-wolff,gerardo-vega-medina
antonio-navarro-wolff,jose-antonio-ocampo
antonio-navarro-wolff,julio-roberto-gomez-esguerra-qepd
antonio-navarro-wolff,pedro-leonidas-gomez-gomez
antonio-navarro-wolff,pedro-vicente-obando
antonio-navarro-wolff,sergio-araujo-castro
jaime-andres-gonzalez-mejia,alejandro-char-chaljub
jaime-andres-gonzalez-mejia,carlos-mattos
jaime-andres-gonzalez-mejia,german-vargas-lleras
carlos-bernal-pulido,viviane-aleyda-morales-hoyos
hector-heli-rojas-jimenez,anibal-gaviria-correa
hector-heli-rojas-jimenez,carlos-andres-amaya
hector-heli-rojas-jimenez,guillermo-rivera-florez
hector-heli-rojas-jimenez,horacio-serpa-uribe
hector-heli-rojas-jimenez,juan-fernando-cristo-bustos
hector-heli-rojas-jimenez,juan-manuel-galan-pachon
hector-heli-rojas-jimenez,rafael-pardo-rueda
hector-heli-rojas-jimenez,simon-gaviria-munoz
hector-heli-rojas-jimenez,viviane-aleyda-morales-hoyos
juan-manuel-galan-pachon,cesar-gaviria-trujillo
juan-manuel-galan-pachon,clara-rojas-gonzalez
juan-manuel-galan-pachon,david-luna-sanchez
juan-manuel-galan-pachon,hector-heli-rojas-jimenez
juan-manuel-galan-pachon,horacio-jose-serpa-moncada
juan-manuel-galan-pachon,miguel-uribe-turbay
juan-manuel-galan-pachon,simon-gaviria-munoz
juan-manuel-galan-pachon,sofia-gaviria-correa
juan-manuel-galan-pachon,viviane-aleyda-morales-hoyos
sofia-gaviria-correa,clara-rojas-gonzalez
sofia-gaviria-correa,horacio-serpa-uribe
sofia-gaviria-correa,juan-manuel-galan-pachon
sofia-gaviria-correa,viviane-aleyda-morales-hoyos
alirio-uribe-munoz,carlos-gaviria-diaz
alirio-uribe-munoz,clara-eugenia-lopez-obregon
alirio-uribe-munoz,german-navas-talero
alirio-uribe-munoz,gustavo-francisco-petro-urrego
alirio-uribe-munoz,ivan-cepeda
alirio-uribe-munoz,jorge-enrique-robledo-castillo
alirio-uribe-munoz,wilson-arias-castillo
german-navas-talero,alirio-uribe-munoz
german-navas-talero,aurelio-suarez
german-navas-talero,camilo-romero-galeano
german-navas-talero,carlos-gaviria-diaz
german-navas-talero,clara-eugenia-lopez-obregon
german-navas-talero,gustavo-francisco-petro-urrego
german-navas-talero,ivan-cepeda
german-navas-talero,jorge-enrique-robledo-castillo
german-navas-talero,wilson-arias-castillo
jaime-gilinski-bacal,gustavo-francisco-petro-urrego
carlos-alberto-cuenca-chaux,alejandro-carlos-chacon-camargo
leon-valencia-agudelo,antonio-sanguino
miguel-samper-strouss,clara-eugenia-lopez-obregon
alejandro-carlos-chacon-camargo,carlos-alberto-cuenca-chaux
alejandro-carlos-chacon-camargo,german-vargas-lleras
alejandro-carlos-chacon-camargo,juan-fernando-cristo-bustos
alejandro-carlos-chacon-camargo,ramiro-suarez-corzo
arturo-char-chaljub,cesar-augusto-lorduy
arturo-char-chaljub,german-vargas-lleras
carlos-julio-gonzalez-villa,german-vargas-lleras
cesar-augusto-lorduy,armando-antonio-zabarain-d-arce
cesar-augusto-lorduy,arturo-char-chaljub
cesar-augusto-lorduy,german-vargas-lleras
edgar-enrique-martinez-romero,alejandro-char-chaljub
edgar-enrique-martinez-romero,german-vargas-lleras
german-varon-cotrino,german-vargas-lleras
german-varon-cotrino,luis-carlos-torres-rueda
gustavo-nunez-guerrero,german-vargas-lleras
javier-enrique-caceres-leal,german-vargas-lleras
jhon-esper-toledo,german-vargas-lleras
jhon-esper-toledo,mauricio-jaramillo-martinez
juan-carlos-wills-ospina,armando-antonio-zabarain-d-arce
juan-carlos-wills-ospina,efrain-cepeda-sarabia
juan-carlos-wills-ospina,german-vargas-lleras
juan-carlos-wills-ospina,jose-daniel-lopez-jimenez
juan-carlos-wills-ospina,juan-carlos-losada
juan-carlos-wills-ospina,juanita-goebertus
juan-carlos-wills-ospina,luis-humberto-gomez-gallo
juan-carlos-wills-ospina,mauricio-toro
juan-carlos-wills-ospina,miguel-uribe-turbay
luis-carlos-torres-rueda,fuad-char-abdala
luis-carlos-torres-rueda,german-vargas-lleras
luis-carlos-torres-rueda,german-varon-cotrino
luis-carlos-torres-rueda,juan-guillermo-zuluaga
marcos-daniel-pineda-garcia,alejandro-char-chaljub
marcos-daniel-pineda-garcia,david-alejandro-barguil-assis
marcos-daniel-pineda-garcia,german-vargas-lleras
nicolas-garcia-bustos,german-vargas-lleras
nicolas-garcia-bustos,jorge-emilio-rey
oneida-pinto-perez,alejandro-char-chaljub
oneida-pinto-perez,german-vargas-lleras
osman-roa-sarmiento,german-vargas-lleras
roberto-hinestrosa-rey,german-vargas-lleras
rosa-cotes-vives,alejandro-char-chaljub
rosa-cotes-vives,aristides-herrera-posada
rosa-cotes-vives,german-vargas-lleras
joaquin-jose-vives-perez,cesar-gaviria-trujillo
joaquin-jose-vives-perez,rafael-alejandro-martinez
hipolito-moreno-gutierrez,samuel-gustavo-moreno-rojas
carlos-baena,alexandra-moreno-piraquive
carlos-baena,carlos-eduardo-guevara
carlos-baena,rafael-pardo-rueda
jose-antonio-segebre-berardinelli,rafael-pardo-rueda
mauricio-jaramillo-martinez,alfonso-gomez-mendez
mauricio-jaramillo-martinez,horacio-serpa-uribe
mauricio-jaramillo-martinez,jhon-esper-toledo
mauricio-jaramillo-martinez,juan-gabriel-uribe-vegalara
mauricio-jaramillo-martinez,maria-victoria-vargas-silva
mauricio-jaramillo-martinez,rafael-pardo-rueda
alejandra-barrios-cabrera,carlos-caicedo-omar
alejandra-barrios-cabrera,claudia-lopez
alejandra-barrios-cabrera,oscar-sanchez-jaramillo
cesar-augusto-caicedo-jaramillo,maurice-armitage-cadavid
fabian-diaz,antanas-mockus
fabian-diaz,claudia-lopez
pedro-leonidas-gomez-gomez,antonio-navarro-wolff
pedro-leonidas-gomez-gomez,claudia-lopez
miguel-nule-velilla,ivan-moreno-rojas
miguel-nule-velilla,miguel-angel-moralesrussi-russi
horacio-jose-serpa-moncada,david-luna-sanchez
horacio-jose-serpa-moncada,juan-fernando-cristo-bustos
horacio-jose-serpa-moncada,juan-manuel-galan-pachon
horacio-jose-serpa-moncada,simon-gaviria-munoz
andres-gil-gutierrez,aida-avella-esquivel
andres-gil-gutierrez,cesar-jerez-martinez
andres-gil-gutierrez,javier-soto-charry
andres-gil-gutierrez,piedad-cordoba-ruiz
gustavo-bell-lemus,fuad-char-abdala
ciro-ramirez-pinzon,andres-pastrana-arango
william-vinasco-chamorro,andres-pastrana-arango
alfredo-varela-de-la-rosa,antonio-navarro-wolff
alfredo-varela-de-la-rosa,elsa-noguera-de-la-espriella
alfredo-varela-de-la-rosa,jose-david-name
ubeimar-delgado-blandon,dilian-francisca-toro
clara-luz-roldan,dilian-francisca-toro
angela-maria-robledo,antonio-sanguino
angela-maria-robledo,camilo-romero-galeano
angela-maria-robledo,carlos-andres-amaya
angela-maria-robledo,gustavo-francisco-petro-urrego
juan-carlos-losada,cesar-gaviria-trujillo
juan-carlos-losada,guillermo-rivera-florez
juan-carlos-losada,horacio-serpa-uribe
juan-carlos-losada,jose-daniel-lopez-jimenez
juan-carlos-losada,juan-carlos-wills-ospina
juan-carlos-losada,juan-fernando-reyes-kuri
juan-carlos-losada,juanita-goebertus
daniel-garcia-pena,antonio-navarro-wolff
gerardo-vega-medina,antonio-navarro-wolff
gerardo-vega-medina,francisco-de-roux
ivan-moreno-rojas,camilo-romero-galeano
ivan-moreno-rojas,clara-eugenia-lopez-obregon
ivan-moreno-rojas,guido-nule-marino
ivan-moreno-rojas,manuel-nule-velilla
ivan-moreno-rojas,miguel-angel-moralesrussi-russi
ivan-moreno-rojas,miguel-nule-velilla
diana-fajardo,horacio-serpa-uribe
miguel-angel-pinto-hernandez,horacio-serpa-uribe
hugo-heliodoro-aguilar-naranjo,carlos-fernando-sanchez
hugo-heliodoro-aguilar-naranjo,richard-aguilar-villa
carlos-ramiro-chavarro,efrain-cepeda-sarabia
carlos-ramiro-chavarro,roberto-victor-gerlein-echeverria
alonso-salazar-jaramillo,jose-antonio-ocampo
alonso-salazar-jaramillo,sergio-fajardo
luis-carlos-sarmiento-angulo,luis-guillermo-velez-cabrera
david-emilio-bojanini-garcia,federico-gutierrez
david-emilio-bojanini-garcia,sergio-fajardo
samuel-gustavo-moreno-rojas,camilo-romero-galeano
samuel-gustavo-moreno-rojas,clara-eugenia-lopez-obregon
samuel-gustavo-moreno-rojas,ernesto-samper-pizano
samuel-gustavo-moreno-rojas,hipolito-moreno-gutierrez
criselda-lobo-silva,angelica-lozano-correa
criselda-lobo-silva,rodrigo-londono-echeverry
criselda-lobo-silva,roy-leonardo-barreras-montealegre
criselda-lobo-silva,victoria-sandino
juan-carlos-martinez-sinisterra,hector-fabio-useche-de-la-cruz
juan-carlos-martinez-sinisterra,juan-carlos-abadia-campo
juan-carlos-martinez-sinisterra,julio-cesar-rivera-cortes
soledad-tamayo,anibal-fernandez-de-soto
cesar-pachon-achury,aurelio-suarez
cesar-pachon-achury,oscar-gutierrez-reyes
oscar-gutierrez-reyes,aurelio-suarez
oscar-gutierrez-reyes,cesar-pachon-achury
oscar-gutierrez-reyes,jorge-enrique-robledo-castillo
sergio-fernandez-granados,aurelio-suarez
sergio-fernandez-granados,jorge-enrique-robledo-castillo
carlos-eduardo-guevara,alexandra-moreno-piraquive
carlos-eduardo-guevara,carlos-baena
francia-elena-marquez-mina,gustavo-francisco-petro-urrego
guillermo-alfonso-jaramillo,alfonso-gomez-mendez
maria-fernanda-rojas,carlos-vicente-de-roux
oscar-sanchez-jaramillo,alejandra-barrios-cabrera
gustavo-bolivar,gustavo-francisco-petro-urrego
victor-hugo-vidal-piedrahita,alexander-lopez-maya
victor-hugo-vidal-piedrahita,gustavo-francisco-petro-urrego
guido-nule-marino,ivan-moreno-rojas
guido-nule-marino,miguel-angel-moralesrussi-russi
manuel-nule-velilla,ivan-moreno-rojas
manuel-nule-velilla,miguel-angel-moralesrussi-russi
yahir-fernando-acuna-cardales,luis-alberto-gil-castillo
carmen-palencia-cabrales,francisco-de-roux
carmen-palencia-cabrales,guillermo-rivera-florez
jose-neftali-santos-ramirez,andres-cristo-bustos
jose-neftali-santos-ramirez,juan-fernando-cristo-bustos
jose-neftali-santos-ramirez,ramiro-suarez-corzo
andres-cristo-bustos,jose-neftali-santos-ramirez
andres-cristo-bustos,ramiro-suarez-corzo
andres-cristo-bustos,william-villamizar
oscar-barreto-quiroga,juan-mario-laserna-jaramillo
jorge-emilio-rey,nicolas-garcia-bustos
juan-jose-gonzalez-jimenez,edwin-jose-besaile-fayad
trino-luna-correa,luis-miguel-cotes-habeych
manuel-guillermo-mora-jaramillo,ramiro-suarez-corzo
manuel-guillermo-mora-jaramillo,william-villamizar
ramiro-suarez-corzo,alejandro-carlos-chacon-camargo
ramiro-suarez-corzo,andres-cristo-bustos
ramiro-suarez-corzo,cesar-rojas-ayala
ramiro-suarez-corzo,juan-manuel-corzo-roman
ramiro-suarez-corzo,luis-alberto-gil-castillo
ramiro-suarez-corzo,manuel-guillermo-mora-jaramillo
ramiro-suarez-corzo,william-villamizar
celio-nieves,gustavo-francisco-petro-urrego
celio-nieves,jorge-enrique-robledo-castillo
lina-maria-barrera-rueda,didier-tavera
nono-elias,juan-manuel-santos-calderon
nono-elias,musa-besaile
alfonso-cano,ivan-marquez
alfonso-cano,jesus-santrich
jairo-cala,aida-avella-esquivel
jairo-cala,gustavo-francisco-petro-urrego
jairo-cala,ivan-cepeda
jairo-cala,ivan-marquez
francisco-de-roux,carmen-palencia-cabrales
francisco-de-roux,gerardo-vega-medina
cesar-jerez-martinez,andres-gil-gutierrez
cesar-jerez-martinez,javier-soto-charry
cesar-jerez-martinez,piedad-cordoba-ruiz
didier-tavera,horacio-serpa-uribe
didier-tavera,lina-maria-barrera-rueda
didier-tavera,luis-alberto-gil-castillo
miguel-angel-moralesrussi-russi,german-olano-becerra
miguel-angel-moralesrussi-russi,guido-nule-marino
miguel-angel-moralesrussi-russi,ivan-moreno-rojas
miguel-angel-moralesrussi-russi,manuel-nule-velilla
miguel-angel-moralesrussi-russi,miguel-nule-velilla
luis-alejandro-pedraza-becerra,clara-eugenia-lopez-obregon
edwin-ballesteros,alvaro-uribe-velez
edwin-ballesteros,mauricio-toro
edwin-ballesteros,richard-aguilar-villa
nerthink-mauricio-aguilar-hurtado,carlos-fernando-sanchez
nerthink-mauricio-aguilar-hurtado,oscar-villamizar
hector-fabio-useche-de-la-cruz,juan-carlos-abadia-campo
hector-fabio-useche-de-la-cruz,juan-carlos-martinez-sinisterra
luis-humberto-gomez-gallo,juan-carlos-wills-ospina
aristides-herrera-posada,luis-miguel-cotes-habeych
aristides-herrera-posada,rosa-cotes-vives
carlos-caicedo-omar,alejandra-barrios-cabrera
rafael-alejandro-martinez,joaquin-jose-vives-perez
luis-miguel-cotes-habeych,aristides-herrera-posada
luis-miguel-cotes-habeych,trino-luna-correa
alexandra-moreno-piraquive,carlos-baena
alexandra-moreno-piraquive,carlos-eduardo-guevara
maria-victoria-vargas-silva,mauricio-jaramillo-martinez
javier-soto-charry,andres-gil-gutierrez
javier-soto-charry,cesar-jerez-martinez
jose-david-name,alfredo-varela-de-la-rosa
jose-david-name,juan-manuel-santos-calderon
zulia-mena-garcia,luis-gilberto-murillo
manuel-sanchez-castro,rodrigo-rivera-salazar
victoria-sandino,criselda-lobo-silva
victoria-sandino,rodrigo-londono-echeverry
julio-cesar-rivera-cortes,juan-carlos-martinez-sinisterra
cesar-rojas-ayala,ramiro-suarez-corzo
juan-manuel-corzo-roman,ciro-rodriguez
juan-manuel-corzo-roman,ramiro-suarez-corzo
musa-besaile,juan-manuel-santos-calderon
musa-besaile,nono-elias
oscar-villamizar,alvaro-uribe-velez
oscar-villamizar,hernan-andrade-serrano
ciro-rodriguez,juan-manuel-corzo-roman
