Id,Label,Url
alvaro-uribe-velez,"    &Aacute;lvaro Uribe V&eacute;lez",https://www.lasillavacia.com/quien-es-quien/alvaro-uribe-velez">
alberto-carrasquilla-barrera,"    Alberto Carrasquilla Barrera",https://www.lasillavacia.com/quien-es-quien/alberto-carrasquilla-barrera">
alejandro-eder-garces,"    Alejandro Eder Garc&eacute;s",https://www.lasillavacia.com/quien-es-quien/alejandro-eder-garces">
alfredo-ramos-maya,"    Alfredo Ramos Maya",https://www.lasillavacia.com/quien-es-quien/alfredo-ramos-maya">
alicia-arango-olmos,"    Alicia Arango Olmos",https://www.lasillavacia.com/quien-es-quien/alicia-arango-olmos">
alvaro-balcazar-vanegas,"    &Aacute;lvaro  Balc&aacute;zar Vanegas ",https://www.lasillavacia.com/quien-es-quien/alvaro-balcazar-vanegas">
alvaro-garcia-jimenez,"    &Aacute;lvaro Garc&iacute;a Jim&eacute;nez",https://www.lasillavacia.com/quien-es-quien/alvaro-garcia-jimenez">
andres-felipe-arias,"    Andr&eacute;s Felipe Arias",https://www.lasillavacia.com/quien-es-quien/andres-felipe-arias">
angelino-garzon,"    Angelino Garz&oacute;n",https://www.lasillavacia.com/quien-es-quien/angelino-garzon">
beatriz-londono-soto,"    Beatriz Londo&ntilde;o Soto",https://www.lasillavacia.com/quien-es-quien/beatriz-londono-soto">
beatriz-uribe-botero,"    Beatriz Uribe Botero",https://www.lasillavacia.com/quien-es-quien/beatriz-uribe-botero">
bernardo-moreno,"    Bernardo  Moreno",https://www.lasillavacia.com/quien-es-quien/bernardo-moreno">
carlos-holmes-trujillo-qepd,"    Bernardo  Moreno",https://www.lasillavacia.com/quien-es-quien/bernardo-moreno">
carlos-medellin-becerra,"    Carlos Medell&iacute;n Becerra",https://www.lasillavacia.com/quien-es-quien/carlos-medellin-becerra">
carlos-rodado-noriega,"    Carlos Rodado Noriega",https://www.lasillavacia.com/quien-es-quien/carlos-rodado-noriega">
cecilia-alvarez-correa,"    Cecilia &Aacute;lvarez-Correa",https://www.lasillavacia.com/quien-es-quien/cecilia-alvarez-correa">
cecilia-maria-velez-white,"    Cecilia Mar&iacute;a V&eacute;lez White",https://www.lasillavacia.com/quien-es-quien/cecilia-maria-velez-white">
cesar-mauricio-velasquez-ossa,"    C&eacute;sar Mauricio Vel&aacute;squez Ossa",https://www.lasillavacia.com/quien-es-quien/cesar-mauricio-velasquez-ossa">
cesar-pardo-villalba,"    C&eacute;sar Pardo Villalba",https://www.lasillavacia.com/quien-es-quien/cesar-pardo-villalba">
claudia-jimenez-jaramillo,"    Claudia Jim&eacute;nez Jaramillo",https://www.lasillavacia.com/quien-es-quien/claudia-jimenez-jaramillo">
cristina-pardo-schlesinger,"    Cristina Pardo Schlesinger",https://www.lasillavacia.com/quien-es-quien/cristina-pardo-schlesinger">
dario-montoya-mejia,"    Cristina Pardo Schlesinger",https://www.lasillavacia.com/quien-es-quien/cristina-pardo-schlesinger">
diego-molano-aponte,"    Diego Molano Aponte",https://www.lasillavacia.com/quien-es-quien/diego-molano-aponte">
edmundo-del-castillo,"    Edmundo Del Castillo",https://www.lasillavacia.com/quien-es-quien/edmundo-del-castillo">
eduardo-montealegre,"    Eduardo Montealegre",https://www.lasillavacia.com/quien-es-quien/eduardo-montealegre">
elvira-forero,"    Elvira Forero",https://www.lasillavacia.com/quien-es-quien/elvira-forero">
emma-claudia-castellanos,"    Elvira Forero",https://www.lasillavacia.com/quien-es-quien/elvira-forero">
everardo-murillo-sanchez,"    Elvira Forero",https://www.lasillavacia.com/quien-es-quien/elvira-forero">
fabio-aristizabal-angel,"    Fabio Aristiz&aacute;bal &Aacute;ngel",https://www.lasillavacia.com/quien-es-quien/fabio-aristizabal-angel">
fabio-valencia-cossio,"    Fabio Valencia Cossio",https://www.lasillavacia.com/quien-es-quien/fabio-valencia-cossio">
felipe-munoz-gomez,"    Felipe Mu&ntilde;oz G&oacute;mez",https://www.lasillavacia.com/quien-es-quien/felipe-munoz-gomez">
felipe-sardi-cruz,"    Felipe Sardi Cruz",https://www.lasillavacia.com/quien-es-quien/felipe-sardi-cruz">
francisco-jose-lloreda-mera,"    Francisco Jos&eacute; Lloreda Mera",https://www.lasillavacia.com/quien-es-quien/francisco-jose-lloreda-mera">
frank-joseph-pearl-gonzalez,"    Frank Joseph Pearl Gonz&aacute;lez",https://www.lasillavacia.com/quien-es-quien/frank-joseph-pearl-gonzalez">
german-cardona-gutierrez,"    Germ&aacute;n Cardona Guti&eacute;rrez",https://www.lasillavacia.com/quien-es-quien/german-cardona-gutierrez">
gina-parody-d-echeona,"    Gina Parody d Echeona",https://www.lasillavacia.com/quien-es-quien/gina-parody-d-echeona">
guido-echeverri-piedrahita,"    Guido Echeverri Piedrahita",https://www.lasillavacia.com/quien-es-quien/guido-echeverri-piedrahita">
hector-maldonado-gomez,"    H&eacute;ctor Maldonado G&oacute;mez",https://www.lasillavacia.com/quien-es-quien/hector-maldonado-gomez">
henry-eder-caicedo,"    Henry Eder Caicedo",https://www.lasillavacia.com/quien-es-quien/henry-eder-caicedo">
henry-villarraga-oliveros,"    Henry Villarraga Oliveros",https://www.lasillavacia.com/quien-es-quien/henry-villarraga-oliveros">
isabel-segovia-ospina,"    Isabel Segovia Ospina",https://www.lasillavacia.com/quien-es-quien/isabel-segovia-ospina">
jaime-granados-pena,"    Jaime Granados Pe&ntilde;a",https://www.lasillavacia.com/quien-es-quien/jaime-granados-pena">
jaime-lombana-villalba,"    Jaime Lombana Villalba",https://www.lasillavacia.com/quien-es-quien/jaime-lombana-villalba">
jaime-restrepo-cuartas,"    Jaime Restrepo Cuartas",https://www.lasillavacia.com/quien-es-quien/jaime-restrepo-cuartas">
jorge-armando-otalora,"    Jorge Armando Ot&aacute;lora",https://www.lasillavacia.com/quien-es-quien/jorge-armando-otalora">
jorge-enrique-mora-rangel,"    Jorge Enrique Mora Rangel",https://www.lasillavacia.com/quien-es-quien/jorge-enrique-mora-rangel">
jorge-mario-eastman-robledo,"    Jorge Mario Eastman Robledo",https://www.lasillavacia.com/quien-es-quien/jorge-mario-eastman-robledo">
jorge-pretelt-chaljub,"    Jorge Pretelt Chaljub",https://www.lasillavacia.com/quien-es-quien/jorge-pretelt-chaljub">
jose-fernando-cardona-uribe,"    Jos&eacute; Fernando Cardona Uribe",https://www.lasillavacia.com/quien-es-quien/jose-fernando-cardona-uribe">
jose-obdulio-gaviria-velez,"    Jos&eacute; Obdulio Gaviria V&eacute;lez",https://www.lasillavacia.com/quien-es-quien/jose-obdulio-gaviria-velez">
juan-lozano-ramirez,"    Juan Lozano Ram&iacute;rez",https://www.lasillavacia.com/quien-es-quien/juan-lozano-ramirez">
juan-lucas-restrepo-ibiza,"    Juan Lucas Restrepo Ibiza",https://www.lasillavacia.com/quien-es-quien/juan-lucas-restrepo-ibiza">
juan-manuel-santos-calderon,"    Juan Manuel Santos Calder&oacute;n",https://www.lasillavacia.com/quien-es-quien/juan-manuel-santos-calderon">
julia-miranda-londono,"    Julia Miranda Londo&ntilde;o",https://www.lasillavacia.com/quien-es-quien/julia-miranda-londono">
liliana-rendon-roldan,"    Liliana Rend&oacute;n Rold&aacute;n",https://www.lasillavacia.com/quien-es-quien/liliana-rendon-roldan">
luis-alberto-moreno,"    Luis Alberto Moreno",https://www.lasillavacia.com/quien-es-quien/luis-alberto-moreno">
luis-alfonso-hoyos-aristizabal,"    Luis Alfonso Hoyos Aristiz&aacute;bal",https://www.lasillavacia.com/quien-es-quien/luis-alfonso-hoyos-aristizabal">
luis-alfonso-plazas-vega,"    Luis Alfonso Plazas Vega",https://www.lasillavacia.com/quien-es-quien/luis-alfonso-plazas-vega">
luis-camilo-osorio-isaza,"    Luis Camilo Osorio Isaza",https://www.lasillavacia.com/quien-es-quien/luis-camilo-osorio-isaza">
luis-carlos-restrepo-ramirez,"    Luis Carlos Restrepo Ram&iacute;rez",https://www.lasillavacia.com/quien-es-quien/luis-carlos-restrepo-ramirez">
luis-guillermo-giraldo-hurtado,"    Luis Guillermo Giraldo Hurtado",https://www.lasillavacia.com/quien-es-quien/luis-guillermo-giraldo-hurtado">
luis-guillermo-plata,"    Luis Guillermo Plata",https://www.lasillavacia.com/quien-es-quien/luis-guillermo-plata">
manuel-santiago-mejia-correa,"    Manuel Santiago Mej&iacute;a Correa",https://www.lasillavacia.com/quien-es-quien/manuel-santiago-mejia-correa">
margarita-leonor-cabello-blanco,"    Margarita Leonor Cabello Blanco",https://www.lasillavacia.com/quien-es-quien/margarita-leonor-cabello-blanco">
maria-carolina-hoyos-turbay,"    Mar&iacute;a Carolina Hoyos Turbay",https://www.lasillavacia.com/quien-es-quien/maria-carolina-hoyos-turbay">
maria-consuelo-araujo-castro,"    Mar&iacute;a Consuelo Ara&uacute;jo Castro",https://www.lasillavacia.com/quien-es-quien/maria-consuelo-araujo-castro">
maria-del-pilar-hurtado,"    Mar&iacute;a del Pilar Hurtado",https://www.lasillavacia.com/quien-es-quien/maria-del-pilar-hurtado">
maria-del-rosario-guerra-de-la-espriella,"    Mar&iacute;a del Rosario  Guerra de la Espriella",https://www.lasillavacia.com/quien-es-quien/maria-del-rosario-guerra-de-la-espriella">
maria-mercedes-lopez-mora,"    Mar&iacute;a Mercedes L&oacute;pez Mora",https://www.lasillavacia.com/quien-es-quien/maria-mercedes-lopez-mora">
maria-paulina-riveros,"    Mar&iacute;a Paulina Riveros",https://www.lasillavacia.com/quien-es-quien/maria-paulina-riveros">
maria-victoria-calle-correa,"    Mar&iacute;a Victoria Calle Correa",https://www.lasillavacia.com/quien-es-quien/maria-victoria-calle-correa">
marta-lucia-ramirez,"    Marta Luc&iacute;a Ram&iacute;rez",https://www.lasillavacia.com/quien-es-quien/marta-lucia-ramirez">
miguel-esteban-penaloza-barrientos,"    Miguel Esteban Pe&ntilde;aloza Barrientos",https://www.lasillavacia.com/quien-es-quien/miguel-esteban-penaloza-barrientos">
miguel-gomez-martinez,"    Miguel G&oacute;mez Mart&iacute;nez",https://www.lasillavacia.com/quien-es-quien/miguel-gomez-martinez">
nestor-diaz-saavedra,"    N&eacute;stor  D&iacute;az Saavedra",https://www.lasillavacia.com/quien-es-quien/nestor-diaz-saavedra">
oscar-dario-perez,"    &Oacute;scar Dar&iacute;o P&eacute;rez",https://www.lasillavacia.com/quien-es-quien/oscar-dario-perez">
oscar-ivan-zuluaga-escobar,"    &Oacute;scar Iv&aacute;n Zuluaga Escobar",https://www.lasillavacia.com/quien-es-quien/oscar-ivan-zuluaga-escobar">
oscar-naranjo-trujillo,"    &Oacute;scar Naranjo Trujillo",https://www.lasillavacia.com/quien-es-quien/oscar-naranjo-trujillo">
paola-holguin-moreno,"    Paola Holgu&iacute;n Moreno",https://www.lasillavacia.com/quien-es-quien/paola-holguin-moreno">
paula-marcela-moreno,"    Paula Marcela Moreno",https://www.lasillavacia.com/quien-es-quien/paula-marcela-moreno">
ramiro-valencia-cossio,"    Ramiro Valencia Cossio",https://www.lasillavacia.com/quien-es-quien/ramiro-valencia-cossio">
raul-agudelo-medina,"    Ra&uacute;l Agudelo Medina",https://www.lasillavacia.com/quien-es-quien/raul-agudelo-medina">
rodrigo-lara-restrepo,"    Rodrigo Lara Restrepo",https://www.lasillavacia.com/quien-es-quien/rodrigo-lara-restrepo">
santiago-montenegro-trujillo,"    Santiago Montenegro Trujillo",https://www.lasillavacia.com/quien-es-quien/santiago-montenegro-trujillo">
sergio-jaramillo-caro,"    Sergio Jaramillo Caro",https://www.lasillavacia.com/quien-es-quien/sergio-jaramillo-caro">
susana-correa-borrero,"    Susana Correa Borrero ",https://www.lasillavacia.com/quien-es-quien/susana-correa-borrero">
yaneth-giha-tovar,"    Yaneth Giha Tovar",https://www.lasillavacia.com/quien-es-quien/yaneth-giha-tovar">
adriana-gutierrez-jaramillo,"    Adriana Guti&eacute;rrez Jaramillo",https://www.lasillavacia.com/quien-es-quien/adriana-gutierrez-jaramillo">
alejandro-ordonez,"    Alejandro Ord&oacute;&ntilde;ez",https://www.lasillavacia.com/quien-es-quien/alejandro-ordonez">
alfredo-rangel-suarez,"    Alfredo Rangel Su&aacute;rez",https://www.lasillavacia.com/quien-es-quien/alfredo-rangel-suarez">
alvaro-cruz-vargas,"    &Aacute;lvaro Cruz Vargas",https://www.lasillavacia.com/quien-es-quien/alvaro-cruz-vargas">
alvaro-hernan-prada,"    &Aacute;lvaro Hern&aacute;n Prada",https://www.lasillavacia.com/quien-es-quien/alvaro-hernan-prada">
alvaro-vasquez,"    &Aacute;lvaro V&aacute;squez",https://www.lasillavacia.com/quien-es-quien/alvaro-vasquez">
andres-gonzalez-diaz,"    Andr&eacute;s Gonz&aacute;lez D&iacute;az",https://www.lasillavacia.com/quien-es-quien/andres-gonzalez-diaz">
angela-sofia-garzon-caicedo,"    &Aacute;ngela Sof&iacute;a Garz&oacute;n Caicedo",https://www.lasillavacia.com/quien-es-quien/angela-sofia-garzon-caicedo">
arturo-calderon-rivadeneira,"    Arturo Calder&oacute;n Rivadeneira",https://www.lasillavacia.com/quien-es-quien/arturo-calderon-rivadeneira">
carlos-ardila-l&uuml;lle,"    Arturo Calder&oacute;n Rivadeneira",https://www.lasillavacia.com/quien-es-quien/arturo-calderon-rivadeneira">
carlos-eduardo-enriquez-maya-qepd,"    Arturo Calder&oacute;n Rivadeneira",https://www.lasillavacia.com/quien-es-quien/arturo-calderon-rivadeneira">
carlos-felipe-cordoba-larrarte,"    Carlos Felipe C&oacute;rdoba Larrarte",https://www.lasillavacia.com/quien-es-quien/carlos-felipe-cordoba-larrarte">
carlos-gomez-espitia,"    Carlos G&oacute;mez Espitia ",https://www.lasillavacia.com/quien-es-quien/carlos-gomez-espitia">
carlos-jose-bitar,"    Carlos Jos&eacute; Bitar",https://www.lasillavacia.com/quien-es-quien/carlos-jose-bitar">
claudia-blum,"    â–·Qui&eacute;n es Claudia Blum ",https://www.lasillavacia.com/quien-es-quien/claudia-blum">
edgar-gomez-roman,"    &Eacute;dgar G&oacute;mez Rom&aacute;n",https://www.lasillavacia.com/quien-es-quien/edgar-gomez-roman">
enrique-penalosa-londono,"    Enrique Pe&ntilde;alosa Londo&ntilde;o",https://www.lasillavacia.com/quien-es-quien/enrique-penalosa-londono">
fernando-londono-hoyos,"    Fernando Londo&ntilde;o Hoyos",https://www.lasillavacia.com/quien-es-quien/fernando-londono-hoyos">
francisco-santos-calderon,"    Francisco Santos Calder&oacute;n",https://www.lasillavacia.com/quien-es-quien/francisco-santos-calderon">
gabriel-santos-garcia,"    Gabriel Santos Garc&iacute;a",https://www.lasillavacia.com/quien-es-quien/gabriel-santos-garcia">
gabriel-vallejo-lopez,"    Gabriel Vallejo L&oacute;pez",https://www.lasillavacia.com/quien-es-quien/gabriel-vallejo-lopez">
ivan-aguilar-zambrano,"    Iv&aacute;n  Aguilar Zambrano",https://www.lasillavacia.com/quien-es-quien/ivan-aguilar-zambrano">
ivan-duque-marquez,"    Qui&eacute;n es Iv&aacute;n Duque M&aacute;rquez -  Presidente de Colombia",https://www.lasillavacia.com/quien-es-quien/ivan-duque-marquez">
jose-felix-lafaurie-rivera,"    Jos&eacute; F&eacute;lix Lafaurie Rivera",https://www.lasillavacia.com/quien-es-quien/jose-felix-lafaurie-rivera">
juan-carlos-velez-uribe,"    Juan Carlos V&eacute;lez Uribe",https://www.lasillavacia.com/quien-es-quien/juan-carlos-velez-uribe">
juan-jose-rendon,"    Juan Jos&eacute; Rend&oacute;n",https://www.lasillavacia.com/quien-es-quien/juan-jose-rendon">
leonardo-barrero-gordillo,"    Leonardo Barrero Gordillo",https://www.lasillavacia.com/quien-es-quien/leonardo-barrero-gordillo">
maria-claudia-lacouture-pinedo,"    Mar&iacute;a Claudia Lacouture Pinedo",https://www.lasillavacia.com/quien-es-quien/maria-claudia-lacouture-pinedo">
maria-fernanda-cabal,"    Mar&iacute;a Fernanda Cabal",https://www.lasillavacia.com/quien-es-quien/maria-fernanda-cabal">
mario-montoya-uribe,"    Mario Montoya Uribe",https://www.lasillavacia.com/quien-es-quien/mario-montoya-uribe">
nancy-patricia-gutierrez,"    Nancy Patricia Guti&eacute;rrez",https://www.lasillavacia.com/quien-es-quien/nancy-patricia-gutierrez">
nilson-elias-pinilla-pinilla,"    Nilson El&iacute;as Pinilla Pinilla",https://www.lasillavacia.com/quien-es-quien/nilson-elias-pinilla-pinilla">
paloma-valencia-laserna,"    Paloma Valencia Laserna",https://www.lasillavacia.com/quien-es-quien/paloma-valencia-laserna">
piedad-zuccardi,"    Piedad Zuccardi",https://www.lasillavacia.com/quien-es-quien/piedad-zuccardi">
rafael-guarin-cotrino,"    Rafael Guar&iacute;n Cotrino",https://www.lasillavacia.com/quien-es-quien/rafael-guarin-cotrino">
roberto-ortiz-uruena,"    Roberto Ortiz Urue&ntilde;a",https://www.lasillavacia.com/quien-es-quien/roberto-ortiz-uruena">
rodrigo-rivera-salazar,"    Rodrigo Rivera Salazar",https://www.lasillavacia.com/quien-es-quien/rodrigo-rivera-salazar">
sergio-araujo-castro,"    Sergio Ara&uacute;jo Castro",https://www.lasillavacia.com/quien-es-quien/sergio-araujo-castro">
viviane-aleyda-morales-hoyos,"    Viviane Aleyda Morales Hoyos",https://www.lasillavacia.com/quien-es-quien/viviane-aleyda-morales-hoyos">
alexander-lopez-maya,"    Viviane Aleyda Morales Hoyos",https://www.lasillavacia.com/quien-es-quien/viviane-aleyda-morales-hoyos">
armando-benedetti,"    Armando Benedetti",https://www.lasillavacia.com/quien-es-quien/armando-benedetti">
carlos-gaviria-diaz,"    Carlos Gaviria D&iacute;az",https://www.lasillavacia.com/quien-es-quien/carlos-gaviria-diaz">
daniel-coronell,"    Daniel Coronell",https://www.lasillavacia.com/quien-es-quien/daniel-coronell">
feliciano-valencia-medina,"    Feliciano Valencia Medina",https://www.lasillavacia.com/quien-es-quien/feliciano-valencia-medina">
felipe-lopez-caballero,"    Felipe L&oacute;pez Caballero",https://www.lasillavacia.com/quien-es-quien/felipe-lopez-caballero">
gabriel-silva-lujan,"    Gabriel Silva Luj&aacute;n",https://www.lasillavacia.com/quien-es-quien/gabriel-silva-lujan">
german-dario-hoyos-giraldo,"    Germ&aacute;n Dar&iacute;o Hoyos Giraldo",https://www.lasillavacia.com/quien-es-quien/german-dario-hoyos-giraldo">
german-vargas-lleras,"    Germ&aacute;n Vargas Lleras",https://www.lasillavacia.com/quien-es-quien/german-vargas-lleras">
hollman-morris-rincon,"    Hollman Morris Rinc&oacute;n",https://www.lasillavacia.com/quien-es-quien/hollman-morris-rincon">
jaime-castro-castro,"    Jaime Castro Castro",https://www.lasillavacia.com/quien-es-quien/jaime-castro-castro">
jose-miguel-vivanco,"    Jos&eacute; Miguel Vivanco",https://www.lasillavacia.com/quien-es-quien/jose-miguel-vivanco">
lidio-arturo-garcia-turbay,"    Lidio Arturo Garc&iacute;a Turbay ",https://www.lasillavacia.com/quien-es-quien/lidio-arturo-garcia-turbay">
luis-eduardo-garzon,"    Luis Eduardo Garz&oacute;n",https://www.lasillavacia.com/quien-es-quien/luis-eduardo-garzon">
maria-angela-holguin-cuellar,"    Mar&iacute;a &Aacute;ngela Holgu&iacute;n Cu&eacute;llar",https://www.lasillavacia.com/quien-es-quien/maria-angela-holguin-cuellar">
rafael-pardo-rueda,"    Rafael Pardo Rueda",https://www.lasillavacia.com/quien-es-quien/rafael-pardo-rueda">
rodrigo-pardo-garcia-pena,"    Rodrigo Pardo Garc&iacute;a-Pe&ntilde;a",https://www.lasillavacia.com/quien-es-quien/rodrigo-pardo-garcia-pena">
carlos-alberto-murgas-guerrero,"    Carlos Alberto  Murgas Guerrero",https://www.lasillavacia.com/quien-es-quien/carlos-alberto-murgas-guerrero">
carlos-enrique-moreno-mejia,"    Carlos Enrique Moreno Mej&iacute;a",https://www.lasillavacia.com/quien-es-quien/carlos-enrique-moreno-mejia">
daniel-palacios-martinez,"    Daniel Palacios Mart&iacute;nez",https://www.lasillavacia.com/quien-es-quien/daniel-palacios-martinez">
guillermo-botero-nieto,"    Guillermo Botero Nieto",https://www.lasillavacia.com/quien-es-quien/guillermo-botero-nieto">
jens-mesa-dishington,"    Jens Mesa Dishington",https://www.lasillavacia.com/quien-es-quien/jens-mesa-dishington">
miguel-arrazola,"    Miguel Arr&aacute;zola ",https://www.lasillavacia.com/quien-es-quien/miguel-arrazola">
luis-alberto-rodriguez-ospino,"    Luis Alberto Rodr&iacute;guez Ospino",https://www.lasillavacia.com/quien-es-quien/luis-alberto-rodriguez-ospino">
luis-fernando-mejia,"    Luis Fernando Mej&iacute;a",https://www.lasillavacia.com/quien-es-quien/luis-fernando-mejia">
maurice-armitage-cadavid,"    Maurice Armitage Cadavid",https://www.lasillavacia.com/quien-es-quien/maurice-armitage-cadavid">
claudia-lopez,"    &iquest;Qui&eacute;n es Claudia L&oacute;pez? - Alcaldesa de Bogot&aacute;",https://www.lasillavacia.com/quien-es-quien/claudia-lopez">
daniel-quintero-calle,"    Daniel Quintero Calle",https://www.lasillavacia.com/quien-es-quien/daniel-quintero-calle">
luis-alfredo-ramos-botero,"    Luis Alfredo Ramos Botero",https://www.lasillavacia.com/quien-es-quien/luis-alfredo-ramos-botero">
daniel-avila-camacho,"    Daniel &Aacute;vila Camacho",https://www.lasillavacia.com/quien-es-quien/daniel-avila-camacho">
jorge-pino-ricci,"    Jorge Pino Ricci",https://www.lasillavacia.com/quien-es-quien/jorge-pino-ricci">
paola-meneses-mosquera,"    Paola Meneses Mosquera",https://www.lasillavacia.com/quien-es-quien/paola-meneses-mosquera">
humberto-de-la-calle,"    Humberto De La Calle",https://www.lasillavacia.com/quien-es-quien/humberto-de-la-calle">
simon-gaviria-munoz,"    Sim&oacute;n Gaviria Mu&ntilde;oz",https://www.lasillavacia.com/quien-es-quien/simon-gaviria-munoz">
andres-valencia-pinzon,"    Andr&eacute;s Valencia Pinz&oacute;n",https://www.lasillavacia.com/quien-es-quien/andres-valencia-pinzon">
jose-fernando-bautista-quintero,"    Jos&eacute; Fernando Bautista Quintero",https://www.lasillavacia.com/quien-es-quien/jose-fernando-bautista-quintero">
noemi-sanin-posada,"    Noem&iacute; San&iacute;n Posada",https://www.lasillavacia.com/quien-es-quien/noemi-sanin-posada">
aida-avella-esquivel,"    A&iacute;da Avella Esquivel",https://www.lasillavacia.com/quien-es-quien/aida-avella-esquivel">
ana-teresa-bernal,"    Ana Teresa Bernal",https://www.lasillavacia.com/quien-es-quien/ana-teresa-bernal">
andres-pastrana-arango,"    Andr&eacute;s Pastrana Arango",https://www.lasillavacia.com/quien-es-quien/andres-pastrana-arango">
eduardo-verano-de-la-rosa,"    Eduardo Verano de la Rosa",https://www.lasillavacia.com/quien-es-quien/eduardo-verano-de-la-rosa">
argemiro-cortes,"    Argemiro Cort&eacute;s",https://www.lasillavacia.com/quien-es-quien/argemiro-cortes">
dilian-francisca-toro,"    Dilian Francisca Toro",https://www.lasillavacia.com/quien-es-quien/dilian-francisca-toro">
julio-roberto-gomez-esguerra-qepd,"    Julio Roberto G&oacute;mez Esguerra (Q.E.P.D.)",https://www.lasillavacia.com/quien-es-quien/julio-roberto-gomez-esguerra-qepd">
pedro-antonio-aguilar-rodriguez,"    Pedro Antonio  Aguilar Rodr&iacute;guez",https://www.lasillavacia.com/quien-es-quien/pedro-antonio-aguilar-rodriguez">
maria-isabel-urrutia-ocoro,"    Mar&iacute;a Isabel Urrutia Ocor&oacute;",https://www.lasillavacia.com/quien-es-quien/maria-isabel-urrutia-ocoro">
wilson-arias-castillo,"    Wilson Arias Castillo",https://www.lasillavacia.com/quien-es-quien/wilson-arias-castillo">
antanas-mockus,"    Antanas Mockus",https://www.lasillavacia.com/quien-es-quien/antanas-mockus">
juan-camilo-restrepo-salazar,"    Juan Camilo Restrepo Salazar",https://www.lasillavacia.com/quien-es-quien/juan-camilo-restrepo-salazar">
mauricio-santa-maria-salamanca,"    Mauricio Santa Mar&iacute;a Salamanca",https://www.lasillavacia.com/quien-es-quien/mauricio-santa-maria-salamanca">
brigitte-baptiste,"    Brigitte Baptiste",https://www.lasillavacia.com/quien-es-quien/brigitte-baptiste">
cesar-gaviria-trujillo,"    C&eacute;sar Gaviria Trujillo",https://www.lasillavacia.com/quien-es-quien/cesar-gaviria-trujillo">
ernesto-samper-pizano,"    Ernesto  Samper Pizano",https://www.lasillavacia.com/quien-es-quien/ernesto-samper-pizano">
dionisio-araujo,"    Dionisio Ara&uacute;jo",https://www.lasillavacia.com/quien-es-quien/dionisio-araujo">
elsa-noguera-de-la-espriella,"    Elsa Noguera De la Espriella",https://www.lasillavacia.com/quien-es-quien/elsa-noguera-de-la-espriella">
horacio-serpa-uribe,"    Horacio Serpa Uribe",https://www.lasillavacia.com/quien-es-quien/horacio-serpa-uribe">
juan-gabriel-uribe-vegalara,"    Juan Gabriel Uribe Vegalara",https://www.lasillavacia.com/quien-es-quien/juan-gabriel-uribe-vegalara">
efrain-cepeda-sarabia,"    Efra&iacute;n Cepeda Sarabia",https://www.lasillavacia.com/quien-es-quien/efrain-cepeda-sarabia">
fuad-char-abdala,"    Fuad  Char Abdala",https://www.lasillavacia.com/quien-es-quien/fuad-char-abdala">
federico-restrepo-posada,"    Federico Restrepo Posada",https://www.lasillavacia.com/quien-es-quien/federico-restrepo-posada">
jose-leonidas-narvaez-morales,"    Jos&eacute; Leonidas Narv&aacute;ez Morales",https://www.lasillavacia.com/quien-es-quien/jose-leonidas-narvaez-morales">
luis-felipe-henao,"    Luis Felipe Henao",https://www.lasillavacia.com/quien-es-quien/luis-felipe-henao">
luis-fernando-andrade,"    Luis Fernando Andrade",https://www.lasillavacia.com/quien-es-quien/luis-fernando-andrade">
nestor-humberto-martinez,"    N&eacute;stor Humberto Mart&iacute;nez",https://www.lasillavacia.com/quien-es-quien/nestor-humberto-martinez">
ruben-dario-lizarralde-montoya,"    Rub&eacute;n Dar&iacute;o Lizarralde Montoya",https://www.lasillavacia.com/quien-es-quien/ruben-dario-lizarralde-montoya">
ruth-stella-correa,"    Ruth Stella Correa",https://www.lasillavacia.com/quien-es-quien/ruth-stella-correa">
maria-victoria-angulo,"    Maria Victoria Angulo ",https://www.lasillavacia.com/quien-es-quien/maria-victoria-angulo">
santiago-perry-rubio,"    Santiago Perry Rubio",https://www.lasillavacia.com/quien-es-quien/santiago-perry-rubio">
beatriz-uribe-restrepo,"    Beatriz Uribe Restrepo",https://www.lasillavacia.com/quien-es-quien/beatriz-uribe-restrepo">
leon-teicher-grauman,"    Le&oacute;n Teicher Grauman",https://www.lasillavacia.com/quien-es-quien/leon-teicher-grauman">
natalia-gutierrez-jaramillo,"    Natalia Guti&eacute;rrez Jaramillo",https://www.lasillavacia.com/quien-es-quien/natalia-gutierrez-jaramillo">
nubia-orozco-acosta,"    Nubia Orozco Acosta",https://www.lasillavacia.com/quien-es-quien/nubia-orozco-acosta">
ricardo-gaviria-jansa,"    Ricardo Gaviria Jansa",https://www.lasillavacia.com/quien-es-quien/ricardo-gaviria-jansa">
roberto-junguito-pombo,"    Roberto Junguito Pombo",https://www.lasillavacia.com/quien-es-quien/roberto-junguito-pombo">
enrique-de-jesus-gil-botero,"    Enrique de Jes&uacute;s Gil Botero",https://www.lasillavacia.com/quien-es-quien/enrique-de-jesus-gil-botero">
gloria-stella-ortiz,"    Gloria Stella Ortiz",https://www.lasillavacia.com/quien-es-quien/gloria-stella-ortiz">
jorge-fernando-perdomo,"    Jorge Fernando Perdomo",https://www.lasillavacia.com/quien-es-quien/jorge-fernando-perdomo">
martha-lucia-zamora-avila,"    Martha Luc&iacute;a Zamora &Aacute;vila",https://www.lasillavacia.com/quien-es-quien/martha-lucia-zamora-avila">
rodrigo-uprimny-yepes,"    Rodrigo  Uprimny Yepes",https://www.lasillavacia.com/quien-es-quien/rodrigo-uprimny-yepes">
edgardo-maya-villazon,"    Edgardo Maya Villaz&oacute;n",https://www.lasillavacia.com/quien-es-quien/edgardo-maya-villazon">
maria-sandra-morelli-rico,"    Mar&iacute;a Sandra Morelli Rico",https://www.lasillavacia.com/quien-es-quien/maria-sandra-morelli-rico">
carlos-gustavo-palacino,"    Carlos Gustavo Palacino",https://www.lasillavacia.com/quien-es-quien/carlos-gustavo-palacino">
gilberto-toro-giraldo,"    Gilberto Toro Giraldo",https://www.lasillavacia.com/quien-es-quien/gilberto-toro-giraldo">
john-jairo-morales,"    Gilberto Toro Giraldo",https://www.lasillavacia.com/quien-es-quien/gilberto-toro-giraldo">
juan-manuel-ospina-restrepo,"    Juan Manuel Ospina Restrepo",https://www.lasillavacia.com/quien-es-quien/juan-manuel-ospina-restrepo">
liliana-pardo-gaona,"    Liliana Pardo Gaona",https://www.lasillavacia.com/quien-es-quien/liliana-pardo-gaona">
german-blanco,"    Germ&aacute;n Blanco",https://www.lasillavacia.com/quien-es-quien/german-blanco">
david-luna-sanchez,"    David Luna S&aacute;nchez",https://www.lasillavacia.com/quien-es-quien/david-luna-sanchez">
rodrigo-guerrero-velasco,"    Rodrigo Guerrero Velasco ",https://www.lasillavacia.com/quien-es-quien/rodrigo-guerrero-velasco">
roy-leonardo-barreras-montealegre,"    Roy Leonardo Barreras Montealegre",https://www.lasillavacia.com/quien-es-quien/roy-leonardo-barreras-montealegre">
jorge-ivan-ospina-gomez,"    Jorge Iv&aacute;n Ospina G&oacute;mez",https://www.lasillavacia.com/quien-es-quien/jorge-ivan-ospina-gomez">
adriana-soto,"    Adriana Soto",https://www.lasillavacia.com/quien-es-quien/adriana-soto">
anibal-fernandez-de-soto,"    An&iacute;bal Fern&aacute;ndez de Soto",https://www.lasillavacia.com/quien-es-quien/anibal-fernandez-de-soto">
javier-florez-aristizabal,"    Javier Fl&oacute;rez Aristiz&aacute;bal",https://www.lasillavacia.com/quien-es-quien/javier-florez-aristizabal">
luis-carlos-villegas-echeverri,"    Luis Carlos Villegas Echeverri",https://www.lasillavacia.com/quien-es-quien/luis-carlos-villegas-echeverri">
luz-helena-sarmiento-villamizar,"    Luz Helena Sarmiento Villamizar",https://www.lasillavacia.com/quien-es-quien/luz-helena-sarmiento-villamizar">
nigeria-renteria-lozano,"    Nigeria Renter&iacute;a Lozano",https://www.lasillavacia.com/quien-es-quien/nigeria-renteria-lozano">
carlos-rosado-zuniga,"    Carlos Rosado Z&uacute;&ntilde;iga",https://www.lasillavacia.com/quien-es-quien/carlos-rosado-zuniga">
felipe-targa,"    Felipe Targa",https://www.lasillavacia.com/quien-es-quien/felipe-targa">
juan-carlos-mira-ponton,"    Juan Carlos Mira Pont&oacute;n",https://www.lasillavacia.com/quien-es-quien/juan-carlos-mira-ponton">
maria-constanza-garcia-botero,"    Mar&iacute;a Constanza Garc&iacute;a Botero",https://www.lasillavacia.com/quien-es-quien/maria-constanza-garcia-botero">
roberto-prieto-uribe,"    Roberto Prieto Uribe",https://www.lasillavacia.com/quien-es-quien/roberto-prieto-uribe">
luis-roberto-rivas,"    Luis Roberto Rivas",https://www.lasillavacia.com/quien-es-quien/luis-roberto-rivas">
nestor-eugenio-ramirez,"    N&eacute;stor Eugenio Ram&iacute;rez",https://www.lasillavacia.com/quien-es-quien/nestor-eugenio-ramirez">
carlos-andres-amaya,"    Carlos Andr&eacute;s Amaya",https://www.lasillavacia.com/quien-es-quien/carlos-andres-amaya">
luis-grubert-ibarra,"    Luis Grubert Ibarra",https://www.lasillavacia.com/quien-es-quien/luis-grubert-ibarra">
maria-lorena-gutierrez-botero,"    Mar&iacute;a Lorena Guti&eacute;rrez Botero",https://www.lasillavacia.com/quien-es-quien/maria-lorena-gutierrez-botero">
hugo-arley-tobar-otero,"    Hugo Arley Tobar Otero",https://www.lasillavacia.com/quien-es-quien/hugo-arley-tobar-otero">
aurelio-suarez,"    Aurelio Su&aacute;rez",https://www.lasillavacia.com/quien-es-quien/aurelio-suarez">
carlos-fernando-galan-pachon,"    Carlos Fernando Gal&aacute;n Pach&oacute;n",https://www.lasillavacia.com/quien-es-quien/carlos-fernando-galan-pachon">
gustavo-francisco-petro-urrego,"    Gustavo Francisco Petro Urrego",https://www.lasillavacia.com/quien-es-quien/gustavo-francisco-petro-urrego">
hernan-penagos-giraldo,"    Hern&aacute;n Penagos Giraldo",https://www.lasillavacia.com/quien-es-quien/hernan-penagos-giraldo">
omar-yepes-alzate,"    &Oacute;mar Yepes Alzate",https://www.lasillavacia.com/quien-es-quien/omar-yepes-alzate">
cecilia-lopez-montano,"    Cecilia L&oacute;pez Monta&ntilde;o",https://www.lasillavacia.com/quien-es-quien/cecilia-lopez-montano">
jose-antonio-ocampo,"    Jos&eacute; Antonio Ocampo",https://www.lasillavacia.com/quien-es-quien/jose-antonio-ocampo">
carlos-ariel-sanchez,"    Carlos Ariel S&aacute;nchez",https://www.lasillavacia.com/quien-es-quien/carlos-ariel-sanchez">
gonzalo-restrepo-lopez,"    Gonzalo Restrepo L&oacute;pez",https://www.lasillavacia.com/quien-es-quien/gonzalo-restrepo-lopez">
juan-carlos-pinzon-bueno,"    Juan Carlos Pinz&oacute;n Bueno",https://www.lasillavacia.com/quien-es-quien/juan-carlos-pinzon-bueno">
luis-ernesto-vargas-silva,"    Luis Ernesto Vargas Silva",https://www.lasillavacia.com/quien-es-quien/luis-ernesto-vargas-silva">
alejandro-char-chaljub,"    Alejandro Char Chaljub",https://www.lasillavacia.com/quien-es-quien/alejandro-char-chaljub">
enrique-santos-calderon,"    Enrique Santos Calder&oacute;n",https://www.lasillavacia.com/quien-es-quien/enrique-santos-calderon">
ricardo-lozano,"    Ricardo Lozano",https://www.lasillavacia.com/quien-es-quien/ricardo-lozano">
maria-emma-mejia,"    Mar&iacute;a Emma Mej&iacute;a",https://www.lasillavacia.com/quien-es-quien/maria-emma-mejia">
catalina-crane-arango,"    Catalina Crane Arango",https://www.lasillavacia.com/quien-es-quien/catalina-crane-arango">
francisco-estupinan-heredia,"    Francisco Estupi&ntilde;&aacute;n Heredia",https://www.lasillavacia.com/quien-es-quien/francisco-estupinan-heredia">
hernando-jose-gomez-restrepo,"    Hernando Jos&eacute; G&oacute;mez Restrepo",https://www.lasillavacia.com/quien-es-quien/hernando-jose-gomez-restrepo">
juan-carlos-echeverry-garzon,"    Juan Carlos Echeverry Garz&oacute;n",https://www.lasillavacia.com/quien-es-quien/juan-carlos-echeverry-garzon">
juan-ricardo-ortega,"    Juan Ricardo Ortega",https://www.lasillavacia.com/quien-es-quien/juan-ricardo-ortega">
luis-genaro-munoz,"    Luis Genaro Mu&ntilde;oz",https://www.lasillavacia.com/quien-es-quien/luis-genaro-munoz">
mauricio-cardenas-santamaria,"    Mauricio C&aacute;rdenas Santamar&iacute;a",https://www.lasillavacia.com/quien-es-quien/mauricio-cardenas-santamaria">
teresita-beltran-ospina,"    Teresita Beltr&aacute;n Ospina",https://www.lasillavacia.com/quien-es-quien/teresita-beltran-ospina">
alberto-jose-mejia,"    Alberto Jos&eacute; Mej&iacute;a",https://www.lasillavacia.com/quien-es-quien/alberto-jose-mejia">
alejandro-gaviria-uribe,"    Alejandro Gaviria - Precandidato presidencial en Colombia",https://www.lasillavacia.com/quien-es-quien/alejandro-gaviria-uribe">
alejandro-linares-cantillo,"    Alejandro Linares Cantillo",https://www.lasillavacia.com/quien-es-quien/alejandro-linares-cantillo">
alejandro-navas-ramos,"    Alejandro Navas Ramos",https://www.lasillavacia.com/quien-es-quien/alejandro-navas-ramos">
alexandra-guaqueta-girvin,"    Alexandra Gu&aacute;queta Girvin",https://www.lasillavacia.com/quien-es-quien/alexandra-guaqueta-girvin">
alfonso-gomez-mendez,"    Alfonso G&oacute;mez M&eacute;ndez",https://www.lasillavacia.com/quien-es-quien/alfonso-gomez-mendez">
alfonso-prada,"    Alfonso Prada ",https://www.lasillavacia.com/quien-es-quien/alfonso-prada">
amylkar-acosta-medina,"    Amylkar Acosta Medina",https://www.lasillavacia.com/quien-es-quien/amylkar-acosta-medina">
ana-fernanda-maiguashca,"    Ana Fernanda Maiguashca",https://www.lasillavacia.com/quien-es-quien/ana-fernanda-maiguashca">
andres-botero-phillipsbourne,"    Andr&eacute;s  Botero Phillipsbourne ",https://www.lasillavacia.com/quien-es-quien/andres-botero-phillipsbourne">
andres-villamizar-pachon,"    Andr&eacute;s Villamizar Pach&oacute;n",https://www.lasillavacia.com/quien-es-quien/andres-villamizar-pachon">
aurelio-iragorri-valencia,"    Aurelio Iragorri Valencia",https://www.lasillavacia.com/quien-es-quien/aurelio-iragorri-valencia">
bruce-mac-master,"    Bruce Mac Master",https://www.lasillavacia.com/quien-es-quien/bruce-mac-master">
camilo-bernal-hadad,"    Camilo Bernal Hadad",https://www.lasillavacia.com/quien-es-quien/camilo-bernal-hadad">
carlos-arcesio-paz,"    Carlos Arcesio Paz ",https://www.lasillavacia.com/quien-es-quien/carlos-arcesio-paz">
carlos-correa-escaf,"    Carlos Correa Escaf",https://www.lasillavacia.com/quien-es-quien/carlos-correa-escaf">
carlos-negret,"    Carlos Negret",https://www.lasillavacia.com/quien-es-quien/carlos-negret">
carlos-urrutia,"    Carlos Urrutia",https://www.lasillavacia.com/quien-es-quien/carlos-urrutia">
carolina-soto-losada,"    Carolina Soto Losada",https://www.lasillavacia.com/quien-es-quien/carolina-soto-losada">
clara-rojas-gonzalez,"    Clara Rojas Gonz&aacute;lez",https://www.lasillavacia.com/quien-es-quien/clara-rojas-gonzalez">
cristina-plazas-michelsen,"    Cristina Plazas Michelsen",https://www.lasillavacia.com/quien-es-quien/cristina-plazas-michelsen">
daniel-mejia-londono,"    Daniel Mej&iacute;a Londo&ntilde;o",https://www.lasillavacia.com/quien-es-quien/daniel-mejia-londono">
diana-quintero,"    Diana Quintero",https://www.lasillavacia.com/quien-es-quien/diana-quintero">
diego-molano-vega,"    Diego Molano Vega",https://www.lasillavacia.com/quien-es-quien/diego-molano-vega">
federico-renjifo-velez,"    Federico Renjifo V&eacute;lez",https://www.lasillavacia.com/quien-es-quien/federico-renjifo-velez">
fernando-carrillo,"    Fernando Carrillo",https://www.lasillavacia.com/quien-es-quien/fernando-carrillo">
freddy-padilla-de-leon,"    Freddy Padilla De Le&oacute;n",https://www.lasillavacia.com/quien-es-quien/freddy-padilla-de-leon">
german-arce-zapata,"    Germ&aacute;n Arce Zapata",https://www.lasillavacia.com/quien-es-quien/german-arce-zapata">
german-chamorro-de-la-rosa,"    Germ&aacute;n Chamorro de la Rosa",https://www.lasillavacia.com/quien-es-quien/german-chamorro-de-la-rosa">
german-chica,"    Germ&aacute;n Chica",https://www.lasillavacia.com/quien-es-quien/german-chica">
guillermo-rivera-florez,"    Guillermo Rivera Fl&oacute;rez",https://www.lasillavacia.com/quien-es-quien/guillermo-rivera-florez">
henry-medina-gonzalez,"    Henry Medina Gonz&aacute;lez",https://www.lasillavacia.com/quien-es-quien/henry-medina-gonzalez">
jaime-alberto-cabal-sanclemente,"    Henry Medina Gonz&aacute;lez",https://www.lasillavacia.com/quien-es-quien/henry-medina-gonzalez">
jairo-clopatofsky-ghisays,"    Jairo Clopatofsky Ghisays",https://www.lasillavacia.com/quien-es-quien/jairo-clopatofsky-ghisays">
john-jairo-ocampo-nino,"    John Jairo Ocampo Ni&ntilde;o",https://www.lasillavacia.com/quien-es-quien/john-jairo-ocampo-nino">
jorge-eduardo-londono-ulloa,"    Jorge Eduardo Londo&ntilde;o Ulloa",https://www.lasillavacia.com/quien-es-quien/jorge-eduardo-londono-ulloa">
jorge-eduardo-rojas,"    Jorge Eduardo Rojas ",https://www.lasillavacia.com/quien-es-quien/jorge-eduardo-rojas">
jorge-eliecer-lara-palacios,"    Jorge Eduardo Rojas ",https://www.lasillavacia.com/quien-es-quien/jorge-eduardo-rojas">
jorge-enrique-velez-garcia,"    Jorge Enrique V&eacute;lez Garc&iacute;a",https://www.lasillavacia.com/quien-es-quien/jorge-enrique-velez-garcia">
jorge-hernando-nieto,"    Jorge Hernando Nieto",https://www.lasillavacia.com/quien-es-quien/jorge-hernando-nieto">
jose-miguel-de-la-calle-restrepo,"    Jos&eacute; Miguel de la Calle Restrepo",https://www.lasillavacia.com/quien-es-quien/jose-miguel-de-la-calle-restrepo">
jose-miguel-insulza,"    Jos&eacute; Miguel Insulza",https://www.lasillavacia.com/quien-es-quien/jose-miguel-insulza">
jose-roberto-leon-riano,"    Jos&eacute; Roberto  Le&oacute;n Ria&ntilde;o",https://www.lasillavacia.com/quien-es-quien/jose-roberto-leon-riano">
juan-carlos-esguerra-portocarrero,"    Juan Carlos Esguerra Portocarrero",https://www.lasillavacia.com/quien-es-quien/juan-carlos-esguerra-portocarrero">
juan-carlos-lopez-castrilllon,"    Juan Carlos L&oacute;pez Castrilll&oacute;n",https://www.lasillavacia.com/quien-es-quien/juan-carlos-lopez-castrilllon">
juan-carlos-restrepo-piedrahita,"    Juan Carlos Restrepo Piedrah&iacute;ta",https://www.lasillavacia.com/quien-es-quien/juan-carlos-restrepo-piedrahita">
juan-felipe-munoz,"    Juan Felipe Mu&ntilde;oz",https://www.lasillavacia.com/quien-es-quien/juan-felipe-munoz">
juan-fernando-cristo-bustos,"    Juan Fernando Cristo Bustos",https://www.lasillavacia.com/quien-es-quien/juan-fernando-cristo-bustos">
juan-guillermo-zuluaga,"    Juan Guillermo Zuluaga",https://www.lasillavacia.com/quien-es-quien/juan-guillermo-zuluaga">
juan-jos&eacute;-cantillo-pushaina,"    Juan Guillermo Zuluaga",https://www.lasillavacia.com/quien-es-quien/juan-guillermo-zuluaga">
juan-jose-echavarria,"    Juan Jos&eacute; Echavarr&iacute;a",https://www.lasillavacia.com/quien-es-quien/juan-jose-echavarria">
juan-mario-laserna-jaramillo,"    Juan Mario Laserna Jaramillo",https://www.lasillavacia.com/quien-es-quien/juan-mario-laserna-jaramillo">
juan-mesa-zuleta,"    Juan Mesa Zuleta",https://www.lasillavacia.com/quien-es-quien/juan-mesa-zuleta">
juana-ines-acosta-lopez,"    Juana In&eacute;s Acosta L&oacute;pez",https://www.lasillavacia.com/quien-es-quien/juana-ines-acosta-lopez">
julieta-lemaitre-ripoll,"    Juana In&eacute;s Acosta L&oacute;pez",https://www.lasillavacia.com/quien-es-quien/juana-ines-acosta-lopez">
luis-alfonso-escobar-jaramillo,"    Luis Alfonso Escobar Jaramillo",https://www.lasillavacia.com/quien-es-quien/luis-alfonso-escobar-jaramillo">
luis-fernando-arboleda-gonzalez,"    Luis Fernando Arboleda Gonz&aacute;lez",https://www.lasillavacia.com/quien-es-quien/luis-fernando-arboleda-gonzalez">
luis-guillermo-velez-cabrera,"    Luis Guillermo V&eacute;lez Cabrera",https://www.lasillavacia.com/quien-es-quien/luis-guillermo-velez-cabrera">
luis-jorge-garay-salamanca,"    Luis Jorge  Garay Salamanca",https://www.lasillavacia.com/quien-es-quien/luis-jorge-garay-salamanca">
maria-claudia-lopez-sorzano,"    Mar&iacute;a Claudia L&oacute;pez Sorzano",https://www.lasillavacia.com/quien-es-quien/maria-claudia-lopez-sorzano">
maria-fernanda-campo-saavedra,"    Mar&iacute;a Fernanda Campo Saavedra",https://www.lasillavacia.com/quien-es-quien/maria-fernanda-campo-saavedra">
maria-margarita-zuleta,"    Mar&iacute;a Margarita Zuleta",https://www.lasillavacia.com/quien-es-quien/maria-margarita-zuleta">
maria-mercedes-maldonado,"    Mar&iacute;a Mercedes Maldonado",https://www.lasillavacia.com/quien-es-quien/maria-mercedes-maldonado">
mariana-garces-cordoba,"    Mariana Garc&eacute;s C&oacute;rdoba",https://www.lasillavacia.com/quien-es-quien/mariana-garces-cordoba">
mauricio-perfetti-del-corral,"    Mauricio Perfetti del Corral",https://www.lasillavacia.com/quien-es-quien/mauricio-perfetti-del-corral">
monica-cifuentes,"    M&oacute;nica  Cifuentes ",https://www.lasillavacia.com/quien-es-quien/monica-cifuentes">
monica-lanzetta-mutis,"    M&oacute;nica Lanzetta Mutis",https://www.lasillavacia.com/quien-es-quien/monica-lanzetta-mutis">
nestor-osorio-londono,"    N&eacute;stor Osorio Londo&ntilde;o",https://www.lasillavacia.com/quien-es-quien/nestor-osorio-londono">
pablo-felipe-robledo,"    Pablo Felipe Robledo",https://www.lasillavacia.com/quien-es-quien/pablo-felipe-robledo">
patti-londono-jaramillo,"    Patti Londo&ntilde;o Jaramillo",https://www.lasillavacia.com/quien-es-quien/patti-londono-jaramillo">
paula-gaviria-betancur,"    Paula Gaviria Betancur",https://www.lasillavacia.com/quien-es-quien/paula-gaviria-betancur">
pedro-vicente-obando,"    Pedro Vicente Obando",https://www.lasillavacia.com/quien-es-quien/pedro-vicente-obando">
rey-ariel-borbon,"    Rey Ariel Borb&oacute;n",https://www.lasillavacia.com/quien-es-quien/rey-ariel-borbon">
ricardo-sabogal,"    Ricardo Sabogal",https://www.lasillavacia.com/quien-es-quien/ricardo-sabogal">
roberto-velez-vallejo,"    Roberto V&eacute;lez Vallejo",https://www.lasillavacia.com/quien-es-quien/roberto-velez-vallejo">
samuel-azout-papu,"    Samuel Azout Papu",https://www.lasillavacia.com/quien-es-quien/samuel-azout-papu">
sandra-bessudo-lion,"    Sandra Bessudo Lion",https://www.lasillavacia.com/quien-es-quien/sandra-bessudo-lion">
santiago-rojas-arroyo,"    Santiago Rojas Arroyo",https://www.lasillavacia.com/quien-es-quien/santiago-rojas-arroyo">
sergio-diaz-granados-guida,"    Sergio D&iacute;az-Granados Guida",https://www.lasillavacia.com/quien-es-quien/sergio-diaz-granados-guida">
tatyana-orozco-de-la-cruz,"    Tatyana Orozco de la Cruz",https://www.lasillavacia.com/quien-es-quien/tatyana-orozco-de-la-cruz">
tomas-gonzalez-estrada,"    Tom&aacute;s Gonz&aacute;lez Estrada",https://www.lasillavacia.com/quien-es-quien/tomas-gonzalez-estrada">
wilson-ruiz-orejuela,"    Wilson Ruiz Orejuela",https://www.lasillavacia.com/quien-es-quien/wilson-ruiz-orejuela">
yesid-reyes-alvarado,"    Yesid Reyes Alvarado",https://www.lasillavacia.com/quien-es-quien/yesid-reyes-alvarado">
armando-antonio-zabarain-d-arce,"    Yesid Reyes Alvarado",https://www.lasillavacia.com/quien-es-quien/yesid-reyes-alvarado">
buenaventura-leon-leon,"    Buenaventura Le&oacute;n Le&oacute;n",https://www.lasillavacia.com/quien-es-quien/buenaventura-leon-leon">
carlos-mattos,"    Carlos Mattos",https://www.lasillavacia.com/quien-es-quien/carlos-mattos">
christian-daes-abuchaibe,"    Carlos Mattos",https://www.lasillavacia.com/quien-es-quien/carlos-mattos">
diego-fernando-mora-arango,"    Diego Fernando Mora Arango",https://www.lasillavacia.com/quien-es-quien/diego-fernando-mora-arango">
edwin-jose-besaile-fayad,"    Edwin Jos&eacute; Besaile Fayad",https://www.lasillavacia.com/quien-es-quien/edwin-jose-besaile-fayad">
francisco-franco-ovalle-angarita,"    Francisco &#x27;Franco&#x27;  Ovalle Angarita",https://www.lasillavacia.com/quien-es-quien/francisco-franco-ovalle-angarita">
hernan-andrade-serrano,"    Hern&aacute;n Andrade Serrano",https://www.lasillavacia.com/quien-es-quien/hernan-andrade-serrano">
juan-jose-garcia-romero,"    Juan Jos&eacute; Garc&iacute;a Romero",https://www.lasillavacia.com/quien-es-quien/juan-jose-garcia-romero">
juan-pablo-diaz-granados,"    Juan Pablo D&iacute;az Granados",https://www.lasillavacia.com/quien-es-quien/juan-pablo-diaz-granados">
mario-alberto-huertas-cotes,"    Mario Alberto Huertas Cotes",https://www.lasillavacia.com/quien-es-quien/mario-alberto-huertas-cotes">
mauricio-lizcano,"    Mauricio Lizcano",https://www.lasillavacia.com/quien-es-quien/mauricio-lizcano">
mayerlis-angarita-robles,"    Mayerlis Angarita Robles",https://www.lasillavacia.com/quien-es-quien/mayerlis-angarita-robles">
milene-jarava-diaz,"    Milene Jarava D&iacute;az",https://www.lasillavacia.com/quien-es-quien/milene-jarava-diaz">
roberto-victor-gerlein-echeverria,"    Roberto V&iacute;ctor Gerlein Echeverr&iacute;a",https://www.lasillavacia.com/quien-es-quien/roberto-victor-gerlein-echeverria">
william-villamizar,"    William  Villamizar",https://www.lasillavacia.com/quien-es-quien/william-villamizar">
jorge-enrique-robledo-castillo,"    Jorge Enrique Robledo Castillo",https://www.lasillavacia.com/quien-es-quien/jorge-enrique-robledo-castillo">
alejandro-galvis-ramirez-qepd,"    Jorge Enrique Robledo Castillo",https://www.lasillavacia.com/quien-es-quien/jorge-enrique-robledo-castillo">
antonio-celia-martinez-aparicio,"    Antonio  Celia Mart&iacute;nez-Aparicio",https://www.lasillavacia.com/quien-es-quien/antonio-celia-martinez-aparicio">
gonzalo-cordoba-mallarino,"    Gonzalo  C&oacute;rdoba Mallarino",https://www.lasillavacia.com/quien-es-quien/gonzalo-cordoba-mallarino">
hans-peter-knudsen-quevedo,"    Hans-Peter Knudsen Quevedo",https://www.lasillavacia.com/quien-es-quien/hans-peter-knudsen-quevedo">
maria-clemencia-rodriguez-munera,"    Mar&iacute;a Clemencia Rodr&iacute;guez M&uacute;nera",https://www.lasillavacia.com/quien-es-quien/maria-clemencia-rodriguez-munera">
miguel-silva-pinzon,"    Miguel Silva Pinz&oacute;n",https://www.lasillavacia.com/quien-es-quien/miguel-silva-pinzon">
roberto-pombo-holguin,"    Roberto Pombo Holgu&iacute;n",https://www.lasillavacia.com/quien-es-quien/roberto-pombo-holguin">
carlos-alberto-jaramillo-uribe,"    Carlos Alberto Jaramillo Uribe",https://www.lasillavacia.com/quien-es-quien/carlos-alberto-jaramillo-uribe">
manuel-rodriguez-becerra,"    Manuel Rodr&iacute;guez Becerra",https://www.lasillavacia.com/quien-es-quien/manuel-rodriguez-becerra">
anibal-gaviria-correa,"    An&iacute;bal Gaviria Correa",https://www.lasillavacia.com/quien-es-quien/anibal-gaviria-correa">
julio-cesar-turbay-quintero,"    Julio C&eacute;sar Turbay Quintero",https://www.lasillavacia.com/quien-es-quien/julio-cesar-turbay-quintero">
miguel-uribe-turbay,"    Miguel Uribe Turbay",https://www.lasillavacia.com/quien-es-quien/miguel-uribe-turbay">
santiago-angel-urdinola,"    Santiago &Aacute;ngel Urdinola",https://www.lasillavacia.com/quien-es-quien/santiago-angel-urdinola">
jaime-araujo-renteria,"    Jaime Ara&uacute;jo Renter&iacute;a",https://www.lasillavacia.com/quien-es-quien/jaime-araujo-renteria">
jose-manuel-restrepo-abondano,"    Jos&eacute; Manuel Restrepo Abondano",https://www.lasillavacia.com/quien-es-quien/jose-manuel-restrepo-abondano">
alberto-rojas-rios,"    Alberto Rojas R&iacute;os",https://www.lasillavacia.com/quien-es-quien/alberto-rojas-rios">
humberto-antonio-sierra-porto,"    Humberto Antonio Sierra Porto",https://www.lasillavacia.com/quien-es-quien/humberto-antonio-sierra-porto">
juan-carlos-henao-perez,"    Juan Carlos Henao P&eacute;rez",https://www.lasillavacia.com/quien-es-quien/juan-carlos-henao-perez">
angela-orozco,"    &Aacute;ngela Orozco",https://www.lasillavacia.com/quien-es-quien/angela-orozco">
david-alejandro-barguil-assis,"    David Alejandro Barguil Assis ",https://www.lasillavacia.com/quien-es-quien/david-alejandro-barguil-assis">
emilio-archila,"    Emilio Archila ",https://www.lasillavacia.com/quien-es-quien/emilio-archila">
silvia-constain-rengifo,"    Silvia Consta&iacute;n Rengifo",https://www.lasillavacia.com/quien-es-quien/silvia-constain-rengifo">
antonio-quinto-guerra-varela,"    Antonio Quinto Guerra Varela",https://www.lasillavacia.com/quien-es-quien/antonio-quinto-guerra-varela">
camilo-gomez-alzate,"    Camilo  G&oacute;mez Alzate",https://www.lasillavacia.com/quien-es-quien/camilo-gomez-alzate">
sergio-fajardo,"    Sergio Fajardo",https://www.lasillavacia.com/quien-es-quien/sergio-fajardo">
marcos-yohan-diaz-barrera,"    Marcos Yohan D&iacute;az Barrera",https://www.lasillavacia.com/quien-es-quien/marcos-yohan-diaz-barrera">
alvaro-araujo-castro,"    Marcos Yohan D&iacute;az Barrera",https://www.lasillavacia.com/quien-es-quien/marcos-yohan-diaz-barrera">
andres-guerra-hoyos,"    Andr&eacute;s Guerra Hoyos",https://www.lasillavacia.com/quien-es-quien/andres-guerra-hoyos">
gloria-alonso-masmela,"    Gloria Alonso M&aacute;smela",https://www.lasillavacia.com/quien-es-quien/gloria-alonso-masmela">
maria-isabel-ulloa,"    Mar&iacute;a Isabel Ulloa",https://www.lasillavacia.com/quien-es-quien/maria-isabel-ulloa">
monica-aparicio-smith,"    M&oacute;nica Aparicio Smith",https://www.lasillavacia.com/quien-es-quien/monica-aparicio-smith">
mauricio-toro-bridge,"    Mauricio Toro Bridge",https://www.lasillavacia.com/quien-es-quien/mauricio-toro-bridge">
jorge-luis-vargas-valencia,"    Jorge Luis Vargas Valencia",https://www.lasillavacia.com/quien-es-quien/jorge-luis-vargas-valencia">
luis-herlindo-mendieta,"    Luis Herlindo Mendieta",https://www.lasillavacia.com/quien-es-quien/luis-herlindo-mendieta">
german-torres-prieto,"    Luis Herlindo Mendieta",https://www.lasillavacia.com/quien-es-quien/luis-herlindo-mendieta">
federico-gutierrez,"    Federico Guti&eacute;rrez",https://www.lasillavacia.com/quien-es-quien/federico-gutierrez">
ivan-cepeda,"    Iv&aacute;n Cepeda",https://www.lasillavacia.com/quien-es-quien/ivan-cepeda">
ivan-marquez,"    Iv&aacute;n M&aacute;rquez",https://www.lasillavacia.com/quien-es-quien/ivan-marquez">
jesus-santrich,"    Jes&uacute;s Santrich",https://www.lasillavacia.com/quien-es-quien/jesus-santrich">
rodrigo-londono-echeverry,"    Jes&uacute;s Santrich",https://www.lasillavacia.com/quien-es-quien/jesus-santrich">
jose-daniel-lopez-jimenez,"    Jos&eacute; Daniel L&oacute;pez Jim&eacute;nez",https://www.lasillavacia.com/quien-es-quien/jose-daniel-lopez-jimenez">
rodrigo-lara-sanchez,"    Rodrigo Lara S&aacute;nchez",https://www.lasillavacia.com/quien-es-quien/rodrigo-lara-sanchez">
paula-ximena-acosta-marquez,"    Paula Ximena Acosta M&aacute;rquez",https://www.lasillavacia.com/quien-es-quien/paula-ximena-acosta-marquez">
antonio-jose-lizarazo-ocampo,"    Paula Ximena Acosta M&aacute;rquez",https://www.lasillavacia.com/quien-es-quien/paula-ximena-acosta-marquez">
daniel-pecaut,"    Daniel  P&eacute;caut",https://www.lasillavacia.com/quien-es-quien/daniel-pecaut">
francisco-gutierrez-sanin,"    Francisco Guti&eacute;rrez San&iacute;n",https://www.lasillavacia.com/quien-es-quien/francisco-gutierrez-sanin">
ivan-orozco-abad,"    Iv&aacute;n  Orozco Abad",https://www.lasillavacia.com/quien-es-quien/ivan-orozco-abad">
juanita-goebertus,"    Juanita Goebertus",https://www.lasillavacia.com/quien-es-quien/juanita-goebertus">
marcela-duran,"    Marcela Dur&aacute;n",https://www.lasillavacia.com/quien-es-quien/marcela-duran">
james-robinson,"    James Robinson",https://www.lasillavacia.com/quien-es-quien/james-robinson">
diego-bravo-borda,"    Diego Bravo Borda",https://www.lasillavacia.com/quien-es-quien/diego-bravo-borda">
ricardo-canon-prieto,"    Ricardo Ca&ntilde;&oacute;n Prieto",https://www.lasillavacia.com/quien-es-quien/ricardo-canon-prieto">
angela-hernandez-alvarez,"    &Aacute;ngela Hern&aacute;ndez &Aacute;lvarez",https://www.lasillavacia.com/quien-es-quien/angela-hernandez-alvarez">
eduardo-pulgar-daza,"    Eduardo Pulgar Daza-Senador por el Partido de La U ",https://www.lasillavacia.com/quien-es-quien/eduardo-pulgar-daza">
francisco-javier-ricaurte-gomez,"    Francisco Javier Ricaurte G&oacute;mez",https://www.lasillavacia.com/quien-es-quien/francisco-javier-ricaurte-gomez">
jose-dario-salazar-cruz,"    Jos&eacute; Dar&iacute;o Salazar Cruz",https://www.lasillavacia.com/quien-es-quien/jose-dario-salazar-cruz">
piedad-cordoba-ruiz,"    Piedad C&oacute;rdoba Ruiz",https://www.lasillavacia.com/quien-es-quien/piedad-cordoba-ruiz">
jorge-humberto-mantilla-serrano,"    Jorge Humberto Mantilla Serrano",https://www.lasillavacia.com/quien-es-quien/jorge-humberto-mantilla-serrano">
ernesto-macias-tovar,"    Jorge Humberto Mantilla Serrano",https://www.lasillavacia.com/quien-es-quien/jorge-humberto-mantilla-serrano">
ivan-mauricio-moreno-escobar,"    Iv&aacute;n Mauricio Moreno Escobar",https://www.lasillavacia.com/quien-es-quien/ivan-mauricio-moreno-escobar">
victor-manuel-tamayo,"    V&iacute;ctor Manuel Tamayo",https://www.lasillavacia.com/quien-es-quien/victor-manuel-tamayo">
german-olano-becerra,"    V&iacute;ctor Manuel Tamayo",https://www.lasillavacia.com/quien-es-quien/victor-manuel-tamayo">
maria-paula-correa,"    Mar&iacute;a Paula Correa",https://www.lasillavacia.com/quien-es-quien/maria-paula-correa">
luis-alberto-gil-castillo,"    Luis Alberto Gil Castillo ",https://www.lasillavacia.com/quien-es-quien/luis-alberto-gil-castillo">
astrid-alvarez-hernandez,"    Astrid &Aacute;lvarez Hern&aacute;ndez",https://www.lasillavacia.com/quien-es-quien/astrid-alvarez-hernandez">
claudia-cecilia-puentes-riano,"    Claudia Cecilia Puentes Ria&ntilde;o",https://www.lasillavacia.com/quien-es-quien/claudia-cecilia-puentes-riano">
gilma-jimenez-gomez,"    Gilma Jim&eacute;nez G&oacute;mez",https://www.lasillavacia.com/quien-es-quien/gilma-jimenez-gomez">
john-sudarsky-rosenbaum,"    John Sudarsky Rosenbaum",https://www.lasillavacia.com/quien-es-quien/john-sudarsky-rosenbaum">
jose-antonio-vargas-lleras,"    Jos&eacute; Antonio Vargas Lleras",https://www.lasillavacia.com/quien-es-quien/jose-antonio-vargas-lleras">
rafael-ardila-duarte,"    Rafael  Ardila Duarte",https://www.lasillavacia.com/quien-es-quien/rafael-ardila-duarte">
antonio-sanguino,"    Antonio  Sanguino",https://www.lasillavacia.com/quien-es-quien/antonio-sanguino">
camilo-romero-galeano,"    Camilo Romero Galeano",https://www.lasillavacia.com/quien-es-quien/camilo-romero-galeano">
angelica-lozano-correa,"    Ang&eacute;lica Lozano Correa",https://www.lasillavacia.com/quien-es-quien/angelica-lozano-correa">
carlos-vicente-de-roux,"    Carlos Vicente De Roux",https://www.lasillavacia.com/quien-es-quien/carlos-vicente-de-roux">
clara-eugenia-lopez-obregon,"    Clara Eugenia L&oacute;pez Obreg&oacute;n",https://www.lasillavacia.com/quien-es-quien/clara-eugenia-lopez-obregon">
juan-carlos-florez-arcila,"    Juan Carlos Fl&oacute;rez Arcila",https://www.lasillavacia.com/quien-es-quien/juan-carlos-florez-arcila">
katherine-miranda-pena,"    Katherine Miranda Pe&ntilde;a",https://www.lasillavacia.com/quien-es-quien/katherine-miranda-pena">
ramiro-bejarano-guzman,"    Ramiro Bejarano Guzm&aacute;n",https://www.lasillavacia.com/quien-es-quien/ramiro-bejarano-guzman">
juan-fernando-reyes-kuri,"    Ramiro Bejarano Guzm&aacute;n",https://www.lasillavacia.com/quien-es-quien/ramiro-bejarano-guzman">
mauricio-toro,"    Mauricio Toro",https://www.lasillavacia.com/quien-es-quien/mauricio-toro">
gonzalo-sanchez-gomez,"    Gonzalo S&aacute;nchez G&oacute;mez",https://www.lasillavacia.com/quien-es-quien/gonzalo-sanchez-gomez">
natalia-abello-vives,"    Natalia Abello Vives",https://www.lasillavacia.com/quien-es-quien/natalia-abello-vives">
richard-aguilar-villa,"    Richard Aguilar Villa",https://www.lasillavacia.com/quien-es-quien/richard-aguilar-villa">
carlos-fernando-sanchez,"    Carlos Fernando S&aacute;nchez",https://www.lasillavacia.com/quien-es-quien/carlos-fernando-sanchez">
angel-custodio-cabrera,"    &Aacute;ngel Custodio Cabrera",https://www.lasillavacia.com/quien-es-quien/angel-custodio-cabrera">
carmen-ines-vasquez-camacho,"    Carmen In&eacute;s V&aacute;squez Camacho",https://www.lasillavacia.com/quien-es-quien/carmen-ines-vasquez-camacho">
diego-mesa-puyo,"    Diego Mesa Puyo",https://www.lasillavacia.com/quien-es-quien/diego-mesa-puyo">
felipe-buitrago,"    Felipe Buitrago",https://www.lasillavacia.com/quien-es-quien/felipe-buitrago">
fernando-ruiz-gomez,"    Fernando Ruiz G&oacute;mez ",https://www.lasillavacia.com/quien-es-quien/fernando-ruiz-gomez">
francisco-barbosa-delgado,"    Francisco Barbosa Delgado",https://www.lasillavacia.com/quien-es-quien/francisco-barbosa-delgado">
gabriel-gilinski,"    Gabriel Gilinski",https://www.lasillavacia.com/quien-es-quien/gabriel-gilinski">
gloria-maria-borrero,"    Gabriel Gilinski",https://www.lasillavacia.com/quien-es-quien/gabriel-gilinski">
juan-carlos-granados-becerra,"    Juan Carlos Granados Becerra",https://www.lasillavacia.com/quien-es-quien/juan-carlos-granados-becerra">
juan-pablo-uribe,"    Juan Pablo Uribe",https://www.lasillavacia.com/quien-es-quien/juan-pablo-uribe">
leonardo-espinosa,"    Leonardo Espinosa",https://www.lasillavacia.com/quien-es-quien/leonardo-espinosa">
mabel-gisela-torres-torres,"    Mabel Gisela Torres Torres",https://www.lasillavacia.com/quien-es-quien/mabel-gisela-torres-torres">
maria-fernanda-suarez-londono,"    Mar&iacute;a Fernanda Su&aacute;rez Londo&ntilde;o",https://www.lasillavacia.com/quien-es-quien/maria-fernanda-suarez-londono">
rodolfo-zea-navarro,"    Mar&iacute;a Fernanda Su&aacute;rez Londo&ntilde;o",https://www.lasillavacia.com/quien-es-quien/maria-fernanda-suarez-londono">
victor-manuel-munoz-rodriguez,"    Mar&iacute;a Fernanda Su&aacute;rez Londo&ntilde;o",https://www.lasillavacia.com/quien-es-quien/maria-fernanda-suarez-londono">
neis-oliverio-lame-camayo,"    Neis Oliverio Lame Camayo",https://www.lasillavacia.com/quien-es-quien/neis-oliverio-lame-camayo">
luis-perez-gutierrez,"    Luis P&eacute;rez Guti&eacute;rrez",https://www.lasillavacia.com/quien-es-quien/luis-perez-gutierrez">
jimena-velasco-chaves,"    Jimena Velasco Chaves",https://www.lasillavacia.com/quien-es-quien/jimena-velasco-chaves">
campo-elias-teran,"    Campo El&iacute;as Ter&aacute;n",https://www.lasillavacia.com/quien-es-quien/campo-elias-teran">
diego-patino-amariles,"    Diego Pati&ntilde;o Amariles",https://www.lasillavacia.com/quien-es-quien/diego-patino-amariles">
juan-carlos-abadia-campo,"    Juan Carlos Abad&iacute;a Campo",https://www.lasillavacia.com/quien-es-quien/juan-carlos-abadia-campo">
milton-fabian-castrillon-rodriguez,"    Milton Fabi&aacute;n Castrill&oacute;n Rodr&iacute;guez",https://www.lasillavacia.com/quien-es-quien/milton-fabian-castrillon-rodriguez">
antonio-navarro-wolff,"    Antonio Navarro Wolff",https://www.lasillavacia.com/quien-es-quien/antonio-navarro-wolff">
jaime-andres-gonzalez-mejia,"    Jaime Andr&eacute;s Gonz&aacute;lez Mej&iacute;a ",https://www.lasillavacia.com/quien-es-quien/jaime-andres-gonzalez-mejia">
carlos-gustavo-arrieta,"    Carlos Gustavo Arrieta",https://www.lasillavacia.com/quien-es-quien/carlos-gustavo-arrieta">
juan-carlos-forero-ramirez,"    Juan Carlos Forero Ram&iacute;rez",https://www.lasillavacia.com/quien-es-quien/juan-carlos-forero-ramirez">
wilson-alejandro-martinez-sanchez,"    Wilson Alejandro Mart&iacute;nez S&aacute;nchez",https://www.lasillavacia.com/quien-es-quien/wilson-alejandro-martinez-sanchez">
carlos-bernal-pulido,"    Carlos Bernal Pulido",https://www.lasillavacia.com/quien-es-quien/carlos-bernal-pulido">
hector-heli-rojas-jimenez,"    Hector Hel&iacute; Rojas Jim&eacute;nez",https://www.lasillavacia.com/quien-es-quien/hector-heli-rojas-jimenez">
juan-manuel-galan-pachon,"    Juan Manuel Gal&aacute;n Pach&oacute;n",https://www.lasillavacia.com/quien-es-quien/juan-manuel-galan-pachon">
sofia-gaviria-correa,"    Sof&iacute;a Gaviria Correa",https://www.lasillavacia.com/quien-es-quien/sofia-gaviria-correa">
eduardo-cifuentes-munoz,"    Eduardo Cifuentes Mu&ntilde;oz",https://www.lasillavacia.com/quien-es-quien/eduardo-cifuentes-munoz">
alirio-uribe-munoz,"    Alirio Uribe Mu&ntilde;oz",https://www.lasillavacia.com/quien-es-quien/alirio-uribe-munoz">
german-navas-talero,"    Germ&aacute;n Navas Talero",https://www.lasillavacia.com/quien-es-quien/german-navas-talero">
daniel-samper-ospina,"    Daniel Samper Ospina",https://www.lasillavacia.com/quien-es-quien/daniel-samper-ospina">
jaime-gilinski-bacal,"    Jaime Gilinski Bacal",https://www.lasillavacia.com/quien-es-quien/jaime-gilinski-bacal">
julio-sanchez-cristo,"    Julio S&aacute;nchez Cristo",https://www.lasillavacia.com/quien-es-quien/julio-sanchez-cristo">
bernard-william-aronson,"    Bernard William  Aronson",https://www.lasillavacia.com/quien-es-quien/bernard-william-aronson">
carlos-alberto-cuenca-chaux,"    Carlos Alberto Cuenca Chaux",https://www.lasillavacia.com/quien-es-quien/carlos-alberto-cuenca-chaux">
leon-valencia-agudelo,"    Le&oacute;n  Valencia Agudelo",https://www.lasillavacia.com/quien-es-quien/leon-valencia-agudelo">
miguel-samper-strouss,"    Miguel Samper Strouss",https://www.lasillavacia.com/quien-es-quien/miguel-samper-strouss">
alejandro-carlos-chacon-camargo,"    Alejandro Carlos Chac&oacute;n Camargo",https://www.lasillavacia.com/quien-es-quien/alejandro-carlos-chacon-camargo">
arturo-char-chaljub,"    Arturo Char Chaljub",https://www.lasillavacia.com/quien-es-quien/arturo-char-chaljub">
carlos-julio-gonzalez-villa,"    Carlos Julio Gonz&aacute;lez Villa",https://www.lasillavacia.com/quien-es-quien/carlos-julio-gonzalez-villa">
cesar-augusto-lorduy,"    C&eacute;sar Augusto Lorduy",https://www.lasillavacia.com/quien-es-quien/cesar-augusto-lorduy">
edgar-enrique-martinez-romero,"    &Eacute;dgar Enrique  Mart&iacute;nez Romero ",https://www.lasillavacia.com/quien-es-quien/edgar-enrique-martinez-romero">
german-varon-cotrino,"    Germ&aacute;n Var&oacute;n Cotrino",https://www.lasillavacia.com/quien-es-quien/german-varon-cotrino">
gustavo-nunez-guerrero,"    Gustavo N&uacute;&ntilde;ez Guerrero",https://www.lasillavacia.com/quien-es-quien/gustavo-nunez-guerrero">
javier-enrique-caceres-leal,"    Javier Enrique C&aacute;ceres Leal",https://www.lasillavacia.com/quien-es-quien/javier-enrique-caceres-leal">
jhon-esper-toledo,"    Jhon Esper Toledo",https://www.lasillavacia.com/quien-es-quien/jhon-esper-toledo">
juan-carlos-wills-ospina,"    Juan Carlos Wills Ospina",https://www.lasillavacia.com/quien-es-quien/juan-carlos-wills-ospina">
luis-carlos-torres-rueda,"    Luis Carlos Torres Rueda",https://www.lasillavacia.com/quien-es-quien/luis-carlos-torres-rueda">
marcos-daniel-pineda-garcia,"    Marcos Daniel Pineda Garc&iacute;a",https://www.lasillavacia.com/quien-es-quien/marcos-daniel-pineda-garcia">
nicolas-garcia-bustos,"    Nicol&aacute;s Garc&iacute;a Bustos",https://www.lasillavacia.com/quien-es-quien/nicolas-garcia-bustos">
oneida-pinto-perez,"    Oneida  Pinto P&eacute;rez",https://www.lasillavacia.com/quien-es-quien/oneida-pinto-perez">
osman-roa-sarmiento,"    Osman Roa Sarmiento",https://www.lasillavacia.com/quien-es-quien/osman-roa-sarmiento">
roberto-hinestrosa-rey,"    Roberto Hinestrosa Rey",https://www.lasillavacia.com/quien-es-quien/roberto-hinestrosa-rey">
rosa-cotes-vives,"    Rosa Cotes Vives",https://www.lasillavacia.com/quien-es-quien/rosa-cotes-vives">
joaquin-jose-vives-perez,"    Joaqu&iacute;n Jos&eacute;  Vives P&eacute;rez",https://www.lasillavacia.com/quien-es-quien/joaquin-jose-vives-perez">
alberto-rios-velilla,"    Alberto R&iacute;os Velilla ",https://www.lasillavacia.com/quien-es-quien/alberto-rios-velilla">
eduardo-pacheco-cortes,"    Eduardo Pacheco Cort&eacute;s",https://www.lasillavacia.com/quien-es-quien/eduardo-pacheco-cortes">
fernando-rey,"    Fernando Rey",https://www.lasillavacia.com/quien-es-quien/fernando-rey">
hipolito-moreno-gutierrez,"    Hip&oacute;lito Moreno Guti&eacute;rrez",https://www.lasillavacia.com/quien-es-quien/hipolito-moreno-gutierrez">
gustavo-gallon-giraldo,"    Gustavo Gall&oacute;n Giraldo ",https://www.lasillavacia.com/quien-es-quien/gustavo-gallon-giraldo">
dumek-turbay-paz,"    Dumek Turbay Paz",https://www.lasillavacia.com/quien-es-quien/dumek-turbay-paz">
carlos-baena,"    Carlos Baena",https://www.lasillavacia.com/quien-es-quien/carlos-baena">
jose-antonio-segebre-berardinelli,"    Jos&eacute; Antonio Segebre Berardinelli",https://www.lasillavacia.com/quien-es-quien/jose-antonio-segebre-berardinelli">
mauricio-jaramillo-martinez,"    Mauricio Jaramillo Mart&iacute;nez",https://www.lasillavacia.com/quien-es-quien/mauricio-jaramillo-martinez">
diana-calderon-fernandez,"    Diana Calder&oacute;n Fern&aacute;ndez",https://www.lasillavacia.com/quien-es-quien/diana-calderon-fernandez">
alejandra-barrios-cabrera,"    Alejandra  Barrios Cabrera ",https://www.lasillavacia.com/quien-es-quien/alejandra-barrios-cabrera">
jonathan-malagon-gonzalez,"    Alejandra  Barrios Cabrera ",https://www.lasillavacia.com/quien-es-quien/alejandra-barrios-cabrera">
cesar-augusto-caicedo-jaramillo,"    C&eacute;sar Augusto Caicedo Jaramillo",https://www.lasillavacia.com/quien-es-quien/cesar-augusto-caicedo-jaramillo">
adriana-cordoba,"    Adriana  C&oacute;rdoba",https://www.lasillavacia.com/quien-es-quien/adriana-cordoba">
fabian-diaz,"    Fabi&aacute;n D&iacute;az",https://www.lasillavacia.com/quien-es-quien/fabian-diaz">
pedro-leonidas-gomez-gomez,"    Pedro Leonidas  G&oacute;mez G&oacute;mez",https://www.lasillavacia.com/quien-es-quien/pedro-leonidas-gomez-gomez">
jorge-ivan-palacio-palacio,"    Jorge Iv&aacute;n Palacio Palacio ",https://www.lasillavacia.com/quien-es-quien/jorge-ivan-palacio-palacio">
julio-roberto-gomez-gaitan,"    Qui&eacute;n es Julio Roberto G&oacute;mez Gait&aacute;n ",https://www.lasillavacia.com/quien-es-quien/julio-roberto-gomez-gaitan">
miguel-nule-velilla,"    Miguel Nule Velilla",https://www.lasillavacia.com/quien-es-quien/miguel-nule-velilla">
horacio-jose-serpa-moncada,"    Horacio Jos&eacute; Serpa Moncada",https://www.lasillavacia.com/quien-es-quien/horacio-jose-serpa-moncada">
maria-paz-gaviria,"    Mar&iacute;a  Paz Gaviria",https://www.lasillavacia.com/quien-es-quien/maria-paz-gaviria">
soraya-bayuelo,"    Soraya Bayuelo",https://www.lasillavacia.com/quien-es-quien/soraya-bayuelo">
andres-gil-gutierrez,"    Andr&eacute;s Gil Guti&eacute;rrez",https://www.lasillavacia.com/quien-es-quien/andres-gil-gutierrez">
gustavo-bell-lemus,"    Gustavo Bell Lemus",https://www.lasillavacia.com/quien-es-quien/gustavo-bell-lemus">
jhon-alexander-rojas,"    Jhon Alexander Rojas",https://www.lasillavacia.com/quien-es-quien/jhon-alexander-rojas">
juan-luis-mejia-arango,"    Juan Luis  Mej&iacute;a Arango",https://www.lasillavacia.com/quien-es-quien/juan-luis-mejia-arango">
virgilio-galvis-ramirez,"    Virgilio Galvis Ram&iacute;rez ",https://www.lasillavacia.com/quien-es-quien/virgilio-galvis-ramirez">
ciro-ramirez-pinzon,"    Ciro Ram&iacute;rez Pinz&oacute;n",https://www.lasillavacia.com/quien-es-quien/ciro-ramirez-pinzon">
william-vinasco-chamorro,"    William Vinasco Chamorro",https://www.lasillavacia.com/quien-es-quien/william-vinasco-chamorro">
carlos-eduardo-osorio,"    Carlos Eduardo Osorio",https://www.lasillavacia.com/quien-es-quien/carlos-eduardo-osorio">
alfredo-varela-de-la-rosa,"    Alfredo  Varela De la Rosa",https://www.lasillavacia.com/quien-es-quien/alfredo-varela-de-la-rosa">
ubeimar-delgado-blandon,"    Ubeimar  Delgado Bland&oacute;n",https://www.lasillavacia.com/quien-es-quien/ubeimar-delgado-blandon">
clara-luz-roldan,"    Clara Luz Rold&aacute;n",https://www.lasillavacia.com/quien-es-quien/clara-luz-roldan">
angela-maria-robledo,"    &Aacute;ngela Mar&iacute;a Robledo",https://www.lasillavacia.com/quien-es-quien/angela-maria-robledo">
miriam-villegas-villegas,"    Miriam Villegas Villegas",https://www.lasillavacia.com/quien-es-quien/miriam-villegas-villegas">
dario-restrepo-velez,"    Miriam Villegas Villegas",https://www.lasillavacia.com/quien-es-quien/miriam-villegas-villegas">
fabio-villegas,"    Fabio Villegas",https://www.lasillavacia.com/quien-es-quien/fabio-villegas">
vicky-colbert-reyes,"    Vicky Colbert Reyes",https://www.lasillavacia.com/quien-es-quien/vicky-colbert-reyes">
juan-carlos-losada,"    Juan Carlos Losada",https://www.lasillavacia.com/quien-es-quien/juan-carlos-losada">
orlando-benitez,"    Juan Carlos Losada",https://www.lasillavacia.com/quien-es-quien/juan-carlos-losada">
daniel-garcia-pena,"    Daniel Garcia- Pe&ntilde;a",https://www.lasillavacia.com/quien-es-quien/daniel-garcia-pena">
gerardo-vega-medina,"    Gerardo Vega Medina",https://www.lasillavacia.com/quien-es-quien/gerardo-vega-medina">
hector-fabio-henao-gaviria,"    H&eacute;ctor Fabio Henao Gaviria",https://www.lasillavacia.com/quien-es-quien/hector-fabio-henao-gaviria">
ivan-moreno-rojas,"    Iv&aacute;n Moreno Rojas",https://www.lasillavacia.com/quien-es-quien/ivan-moreno-rojas">
juan-carlos-giraldo-valencia,"    Juan Carlos Giraldo Valencia",https://www.lasillavacia.com/quien-es-quien/juan-carlos-giraldo-valencia">
moises-wasserman-lerner,"    Mois&eacute;s Wasserman Lerner",https://www.lasillavacia.com/quien-es-quien/moises-wasserman-lerner">
oscar-gonzalez-arana,"    &Oacute;scar Gonz&aacute;lez Arana",https://www.lasillavacia.com/quien-es-quien/oscar-gonzalez-arana">
karen-abudinen,"    Karen Abudinen",https://www.lasillavacia.com/quien-es-quien/karen-abudinen">
diana-fajardo,"    Diana Fajardo",https://www.lasillavacia.com/quien-es-quien/diana-fajardo">
edgar-fandino,"    Edgar Fandi&ntilde;o",https://www.lasillavacia.com/quien-es-quien/edgar-fandino">
miguel-angel-pinto-hernandez,"    Miguel &Aacute;ngel Pinto Hern&aacute;ndez",https://www.lasillavacia.com/quien-es-quien/miguel-angel-pinto-hernandez">
hugo-heliodoro-aguilar-naranjo,"    Hugo Heliodoro Aguilar Naranjo",https://www.lasillavacia.com/quien-es-quien/hugo-heliodoro-aguilar-naranjo">
carlos-ramiro-chavarro,"    Carlos Ramiro Ch&aacute;varro",https://www.lasillavacia.com/quien-es-quien/carlos-ramiro-chavarro">
ramon-jesurun-franco,"    Ram&oacute;n Jesur&uacute;n Franco- Presidente Federaci&oacute;n Colombiana de F&uacute;tbol",https://www.lasillavacia.com/quien-es-quien/ramon-jesurun-franco">
jorge-cura-amar,"    Jorge Cura Amar",https://www.lasillavacia.com/quien-es-quien/jorge-cura-amar">
alonso-salazar-jaramillo,"    Alonso Salazar Jaramillo",https://www.lasillavacia.com/quien-es-quien/alonso-salazar-jaramillo">
luis-carlos-sarmiento-angulo,"    Luis Carlos Sarmiento Angulo",https://www.lasillavacia.com/quien-es-quien/luis-carlos-sarmiento-angulo">
david-emilio-bojanini-garcia,"    David Emilio  Bojanini Garc&iacute;a",https://www.lasillavacia.com/quien-es-quien/david-emilio-bojanini-garcia">
orlando-cabrales-segovia,"    Orlando Cabrales Segovia",https://www.lasillavacia.com/quien-es-quien/orlando-cabrales-segovia">
luis-guillermo-guerrero,"    Luis Guillermo  Guerrero ",https://www.lasillavacia.com/quien-es-quien/luis-guillermo-guerrero">
fernan-gonzalez-gonzalez,"    Fern&aacute;n Gonz&aacute;lez Gonz&aacute;lez",https://www.lasillavacia.com/quien-es-quien/fernan-gonzalez-gonzalez">
gabriel-eduardo-mendoza-martelo,"    Gabriel Eduardo Mendoza Martelo",https://www.lasillavacia.com/quien-es-quien/gabriel-eduardo-mendoza-martelo">
samuel-gustavo-moreno-rojas,"    Samuel Gustavo Moreno Rojas",https://www.lasillavacia.com/quien-es-quien/samuel-gustavo-moreno-rojas">
criselda-lobo-silva,"    Criselda Lobo Silva",https://www.lasillavacia.com/quien-es-quien/criselda-lobo-silva">
juan-carlos-martinez-sinisterra,"    Juan Carlos Mart&iacute;nez Sinisterra",https://www.lasillavacia.com/quien-es-quien/juan-carlos-martinez-sinisterra">
soledad-tamayo,"    Soledad Tamayo",https://www.lasillavacia.com/quien-es-quien/soledad-tamayo">
cesar-pachon-achury,"    C&eacute;sar Pach&oacute;n Achury",https://www.lasillavacia.com/quien-es-quien/cesar-pachon-achury">
luis-carlos-sarmiento-gutierrez,"    Luis Carlos  Sarmiento Guti&eacute;rrez",https://www.lasillavacia.com/quien-es-quien/luis-carlos-sarmiento-gutierrez">
luis-gilberto-murillo,"    Luis Gilberto Murillo",https://www.lasillavacia.com/quien-es-quien/luis-gilberto-murillo">
oscar-gutierrez-reyes,"    &Oacute;scar Guti&eacute;rrez Reyes",https://www.lasillavacia.com/quien-es-quien/oscar-gutierrez-reyes">
sergio-fernandez-granados,"    Sergio Fern&aacute;ndez Granados",https://www.lasillavacia.com/quien-es-quien/sergio-fernandez-granados">
carlos-eduardo-guevara,"    Carlos Eduardo Guevara",https://www.lasillavacia.com/quien-es-quien/carlos-eduardo-guevara">
ana-luisa-flechas,"    Ana Luisa Flechas",https://www.lasillavacia.com/quien-es-quien/ana-luisa-flechas">
clarisa-ruiz-correal,"    Clarisa Ruiz Correal",https://www.lasillavacia.com/quien-es-quien/clarisa-ruiz-correal">
consuelo-ahumada-beltran,"    Consuelo Ahumada Beltr&aacute;n",https://www.lasillavacia.com/quien-es-quien/consuelo-ahumada-beltran">
eduardo-noriega-de-la-hoz,"    Eduardo Noriega De La Hoz",https://www.lasillavacia.com/quien-es-quien/eduardo-noriega-de-la-hoz">
francia-elena-marquez-mina,"    Francia Elena M&aacute;rquez Mina",https://www.lasillavacia.com/quien-es-quien/francia-elena-marquez-mina">
guillermo-alfonso-jaramillo,"    Guillermo Alfonso Jaramillo",https://www.lasillavacia.com/quien-es-quien/guillermo-alfonso-jaramillo">
guillermo-asprilla,"    Guillermo Asprilla",https://www.lasillavacia.com/quien-es-quien/guillermo-asprilla">
jorge-pulecio,"    Jorge Pulecio",https://www.lasillavacia.com/quien-es-quien/jorge-pulecio">
margarita-florez-alonso,"    Margarita Fl&oacute;rez Alonso",https://www.lasillavacia.com/quien-es-quien/margarita-florez-alonso">
maria-fernanda-rojas,"    Mar&iacute;a Fernanda Rojas",https://www.lasillavacia.com/quien-es-quien/maria-fernanda-rojas">
maria-valencia-gaitan,"    Mar&iacute;a Valencia Gait&aacute;n",https://www.lasillavacia.com/quien-es-quien/maria-valencia-gaitan">
oscar-sanchez-jaramillo,"    &Oacute;scar S&aacute;nchez Jaramillo",https://www.lasillavacia.com/quien-es-quien/oscar-sanchez-jaramillo">
ricardo-bonilla-gonzalez,"    Ricardo Bonilla Gonz&aacute;lez",https://www.lasillavacia.com/quien-es-quien/ricardo-bonilla-gonzalez">
gustavo-bolivar,"    Gustavo Bol&iacute;var",https://www.lasillavacia.com/quien-es-quien/gustavo-bolivar">
victor-hugo-vidal-piedrahita,"    Victor Hugo Vidal Piedrahita",https://www.lasillavacia.com/quien-es-quien/victor-hugo-vidal-piedrahita">
veronica-alcocer-garcia,"    Ver&oacute;nica Alcocer Garc&iacute;a",https://www.lasillavacia.com/quien-es-quien/veronica-alcocer-garcia">
diego-ardila-medina,"    Diego Ardila Medina",https://www.lasillavacia.com/quien-es-quien/diego-ardila-medina">
carlos-raul-yepes-jimenez,"    Carlos Ra&uacute;l Yepes Jim&eacute;nez ",https://www.lasillavacia.com/quien-es-quien/carlos-raul-yepes-jimenez">
hoover-alfredo-penilla-romero,"    Hoover Alfredo Penilla Romero",https://www.lasillavacia.com/quien-es-quien/hoover-alfredo-penilla-romero">
david-maestre-castro,"     David  Maestre Castro",https://www.lasillavacia.com/quien-es-quien/david-maestre-castro">
guido-nule-marino,"    Guido Nule Marino",https://www.lasillavacia.com/quien-es-quien/guido-nule-marino">
manuel-nule-velilla,"    Manuel Nule Velilla",https://www.lasillavacia.com/quien-es-quien/manuel-nule-velilla">
felipe-bayon-pardo,"    Felipe Bay&oacute;n Pardo",https://www.lasillavacia.com/quien-es-quien/felipe-bayon-pardo">
jose-javier-perez-mejia,"    Jos&eacute; Javier P&eacute;rez Mej&iacute;a",https://www.lasillavacia.com/quien-es-quien/jose-javier-perez-mejia">
roberto-garcia-marquez,"    Roberto Garc&iacute;a Marquez",https://www.lasillavacia.com/quien-es-quien/roberto-garcia-marquez">
sergio-mantilla-sanmiguel,"    Sergio  Mantilla Sanmiguel",https://www.lasillavacia.com/quien-es-quien/sergio-mantilla-sanmiguel">
tito-saul-pinilla,"    Tito Sa&uacute;l Pinilla",https://www.lasillavacia.com/quien-es-quien/tito-saul-pinilla">
jose-dario-uribe-escobar,"    Jos&eacute; Dar&iacute;o Uribe Escobar",https://www.lasillavacia.com/quien-es-quien/jose-dario-uribe-escobar">
juan-carlos-galindo-vacha,"    Juan Carlos Galindo Vacha",https://www.lasillavacia.com/quien-es-quien/juan-carlos-galindo-vacha">
yahir-fernando-acuna-cardales,"    Yahir Fernando Acu&ntilde;a Cardales",https://www.lasillavacia.com/quien-es-quien/yahir-fernando-acuna-cardales">
jorge-mario-velasquez-jaramillo,"    Jorge Mario Vel&aacute;squez Jaramillo",https://www.lasillavacia.com/quien-es-quien/jorge-mario-velasquez-jaramillo">
carmen-palencia-cabrales,"    Carmen Palencia Cabrales",https://www.lasillavacia.com/quien-es-quien/carmen-palencia-cabrales">
jose-neftali-santos-ramirez,"    Jos&eacute; Neftal&iacute; Santos Ram&iacute;rez ",https://www.lasillavacia.com/quien-es-quien/jose-neftali-santos-ramirez">
andres-cristo-bustos,"    Andr&eacute;s Cristo Bustos",https://www.lasillavacia.com/quien-es-quien/andres-cristo-bustos">
oscar-barreto-quiroga,"    &Oacute;scar Barreto Quiroga",https://www.lasillavacia.com/quien-es-quien/oscar-barreto-quiroga">
hernan-pelaez-restrepo,"    Hern&aacute;n  Pel&aacute;ez Restrepo",https://www.lasillavacia.com/quien-es-quien/hernan-pelaez-restrepo">
ana-maria-fernandez,"    Ana Mar&iacute;a Fern&aacute;ndez",https://www.lasillavacia.com/quien-es-quien/ana-maria-fernandez">
alejandro-figueroa-jaramillo,"    Alejandro  Figueroa Jaramillo",https://www.lasillavacia.com/quien-es-quien/alejandro-figueroa-jaramillo">
jaime-ceron-silva,"    Jaime Cer&oacute;n Silva",https://www.lasillavacia.com/quien-es-quien/jaime-ceron-silva">
luz-patricia-correa,"    Luz Patricia Correa",https://www.lasillavacia.com/quien-es-quien/luz-patricia-correa">
jorge-emilio-rey,"    Jorge Emilio Rey",https://www.lasillavacia.com/quien-es-quien/jorge-emilio-rey">
juan-jose-gonzalez-jimenez,"    Juan Jos&eacute; Gonz&aacute;lez Jim&eacute;nez ",https://www.lasillavacia.com/quien-es-quien/juan-jose-gonzalez-jimenez">
trino-luna-correa,"    Trino Luna Correa",https://www.lasillavacia.com/quien-es-quien/trino-luna-correa">
ciro-rodriguez-pinzon,"    Trino Luna Correa",https://www.lasillavacia.com/quien-es-quien/trino-luna-correa">
manuel-guillermo-mora-jaramillo,"    Manuel Guillermo Mora Jaramillo",https://www.lasillavacia.com/quien-es-quien/manuel-guillermo-mora-jaramillo">
ramiro-suarez-corzo,"    Ramiro Su&aacute;rez Corzo",https://www.lasillavacia.com/quien-es-quien/ramiro-suarez-corzo">
wilmer-carrillo-mendoza,"    Ramiro Su&aacute;rez Corzo",https://www.lasillavacia.com/quien-es-quien/ramiro-suarez-corzo">
celio-nieves,"    Celio Nieves",https://www.lasillavacia.com/quien-es-quien/celio-nieves">
alejandro-santo-domingo-davila,"    Alejandro Santo Domingo D&aacute;vila",https://www.lasillavacia.com/quien-es-quien/alejandro-santo-domingo-davila">
martin-von-hildebrand,"    Mart&iacute;n von Hildebrand",https://www.lasillavacia.com/quien-es-quien/martin-von-hildebrand">
gabriel-jaime-rico,"    Gabriel Jaime Rico",https://www.lasillavacia.com/quien-es-quien/gabriel-jaime-rico">
soraya-vargas-pulido,"    Soraya Vargas Pulido",https://www.lasillavacia.com/quien-es-quien/soraya-vargas-pulido">
lina-maria-barrera-rueda,"    Lina Mar&iacute;a Barrera Rueda",https://www.lasillavacia.com/quien-es-quien/lina-maria-barrera-rueda">
nono-elias,"    &Ntilde;o&ntilde;o El&iacute;as",https://www.lasillavacia.com/quien-es-quien/nono-elias">
alfonso-cano,"    Alfonso Cano",https://www.lasillavacia.com/quien-es-quien/alfonso-cano">
jairo-cala,"    Jairo Cala ",https://www.lasillavacia.com/quien-es-quien/jairo-cala">
francisco-de-roux,"    Francisco de Roux",https://www.lasillavacia.com/quien-es-quien/francisco-de-roux">
dario-arturo-beltran-ortiz,"    Dar&iacute;o Arturo Beltran Ortiz",https://www.lasillavacia.com/quien-es-quien/dario-arturo-beltran-ortiz">
jose-leonidas-bustos-martinez,"    Jos&eacute; Leonidas Bustos Mart&iacute;nez",https://www.lasillavacia.com/quien-es-quien/jose-leonidas-bustos-martinez">
cesar-jerez-martinez,"    C&eacute;sar Jerez Mart&iacute;nez",https://www.lasillavacia.com/quien-es-quien/cesar-jerez-martinez">
didier-tavera,"    Didier Tavera",https://www.lasillavacia.com/quien-es-quien/didier-tavera">
doris-clemencia-vega-quiroz,"    Doris Clemencia Vega Quiroz",https://www.lasillavacia.com/quien-es-quien/doris-clemencia-vega-quiroz">
miguel-angel-moralesrussi-russi,"    Miguel &Aacute;ngel Moralesrussi Russi",https://www.lasillavacia.com/quien-es-quien/miguel-angel-moralesrussi-russi">
luis-alejandro-pedraza-becerra,"    Luis Alejandro Pedraza Becerra",https://www.lasillavacia.com/quien-es-quien/luis-alejandro-pedraza-becerra">
felipe-zuleta-lleras,"    Felipe Zuleta Lleras",https://www.lasillavacia.com/quien-es-quien/felipe-zuleta-lleras">
edwin-ballesteros,"    Edwin  Ballesteros ",https://www.lasillavacia.com/quien-es-quien/edwin-ballesteros">
nerthink-mauricio-aguilar-hurtado,"    Nerthink Mauricio Aguilar Hurtado",https://www.lasillavacia.com/quien-es-quien/nerthink-mauricio-aguilar-hurtado">
hector-fabio-useche-de-la-cruz,"    H&eacute;ctor Fabio Useche De la Cruz",https://www.lasillavacia.com/quien-es-quien/hector-fabio-useche-de-la-cruz">
mauricio-fajardo-gomez,"    Mauricio Fajardo G&oacute;mez",https://www.lasillavacia.com/quien-es-quien/mauricio-fajardo-gomez">
luis-humberto-gomez-gallo,"    Luis Humberto G&oacute;mez Gallo",https://www.lasillavacia.com/quien-es-quien/luis-humberto-gomez-gallo">
aristides-herrera-posada,"    Aristides Herrera Posada",https://www.lasillavacia.com/quien-es-quien/aristides-herrera-posada">
carlos-caicedo-omar,"    Carlos  Caicedo Omar",https://www.lasillavacia.com/quien-es-quien/carlos-caicedo-omar">
rafael-alejandro-martinez,"    Rafael Alejandro  Mart&iacute;nez",https://www.lasillavacia.com/quien-es-quien/rafael-alejandro-martinez">
luis-miguel-cotes-habeych,"    Luis Miguel Cotes Habeych",https://www.lasillavacia.com/quien-es-quien/luis-miguel-cotes-habeych">
alexandra-moreno-piraquive,"    Alexandra Moreno Piraquive",https://www.lasillavacia.com/quien-es-quien/alexandra-moreno-piraquive">
maria-victoria-vargas-silva,"    Mar&iacute;a Victoria Vargas Silva",https://www.lasillavacia.com/quien-es-quien/maria-victoria-vargas-silva">
javier-soto-charry,"    Javier Soto Charry",https://www.lasillavacia.com/quien-es-quien/javier-soto-charry">
sandra-milena-gomez-fajardo,"    Sandra Milena G&oacute;mez Fajardo",https://www.lasillavacia.com/quien-es-quien/sandra-milena-gomez-fajardo">
jose-david-name,"    Jos&eacute; David Name",https://www.lasillavacia.com/quien-es-quien/jose-david-name">
carlos-francisco-fernandez-rincon,"    Carlos Francisco  Fern&aacute;ndez Rinc&oacute;n",https://www.lasillavacia.com/quien-es-quien/carlos-francisco-fernandez-rincon">
zulia-mena-garcia,"    Zulia Mena Garc&iacute;a",https://www.lasillavacia.com/quien-es-quien/zulia-mena-garcia">
miguel-largacha-martinez,"    Miguel  Largacha Mart&iacute;nez",https://www.lasillavacia.com/quien-es-quien/miguel-largacha-martinez">
manuel-sanchez-castro,"    Manuel S&aacute;nchez Castro",https://www.lasillavacia.com/quien-es-quien/manuel-sanchez-castro">
victoria-sandino,"    Victoria Sandino",https://www.lasillavacia.com/quien-es-quien/victoria-sandino">
julio-cesar-rivera-cortes,"    Julio C&eacute;sar Rivera Cort&eacute;s",https://www.lasillavacia.com/quien-es-quien/julio-cesar-rivera-cortes">
cesar-rojas-ayala,"    C&eacute;sar Rojas Ayala",https://www.lasillavacia.com/quien-es-quien/cesar-rojas-ayala">
juan-manuel-corzo-roman,"    Juan Manuel Corzo Rom&aacute;n ",https://www.lasillavacia.com/quien-es-quien/juan-manuel-corzo-roman">
musa-besaile,"    Musa Besaile",https://www.lasillavacia.com/quien-es-quien/musa-besaile">
leyner-palacios-asprilla,"    Musa Besaile",https://www.lasillavacia.com/quien-es-quien/musa-besaile">
oscar-villamizar,"    &Oacute;scar Villamizar",https://www.lasillavacia.com/quien-es-quien/oscar-villamizar">
hetty-benilda-valencia-montano-5d7db922,"    &Oacute;scar Villamizar",https://www.lasillavacia.com/quien-es-quien/oscar-villamizar">
ciro-rodriguez,"    Ciro Rodr&iacute;guez",https://www.lasillavacia.com/quien-es-quien/ciro-rodriguez">
